cargo,senioridade,estado,modalidade,salario,experiencia,APIs REST,Airflow,CI/CD,CSS,DBT,Docker,Excel,Flutter,Java,JavaScript,Jest,Kotlin,Kubernetes,Linux,Machine Learning,Node.js,Postman,Power BI,Python,React,React Native,Redes,SQL,Selenium,Spark,Suporte,Swift,Tableau,TensorFlow,Terraform,TypeScript
Desenvolvedor Backend,Pleno,SP,Híbrido,7200.0,4.7,1,0,0,0,0,1,0,0,1,0,0,0,0,0,0,0,0,0,1,0,0,0,1,0,0,0,0,0,0,0,0
QA / Tester,Pleno,MG,Híbrido,4500.0,2.7,0,0,0,0,0,0,0,0,0,0,1,0,0,0,0,0,1,0,1,0,0,0,1,1,0,0,0,0,0,0,0
Analista de TI,Pleno,SC,Remoto,5000.0,3.3,0,0,0,0,0,0,1,0,0,0,0,0,0,1,0,0,0,0,0,0,0,1,1,0,0,1,0,0,0,0,0
Desenvolvedor Frontend,Sênior,RS,Remoto,9900.0,12.8,0,0,0,1,0,0,0,0,0,1,0,0,0,0,0,1,0,0,0,1,0,0,0,0,0,0,0,0,0,0,1
Cientista de Dados,Pleno,PR,Remoto,9000.0,2.1,0,0,0,0,0,0,0,0,0,0,0,0,0,0,1,0,0,0,1,0,0,0,1,0,1,0,0,0,1,0,0
Cientista de Dados,Júnior,MG,Remoto,4600.0,0.1,0,0,0,0,0,0,0,0,0,0,0,0,0,0,1,0,0,0,1,0,0,0,1,0,1,0,0,0,1,0,0
Analista de Dados,Sênior,RS,Híbrido,7100.0,8.5,0,0,0,0,0,0,1,0,0,0,0,0,0,0,0,0,0,1,1,0,0,0,1,0,0,0,0,1,0,0,0
Desenvolvedor Mobile,Sênior,SC,Híbrido,13300.0,14.0,1,0,0,0,0,0,0,1,0,0,0,1,0,0,0,0,0,0,0,0,1,0,0,0,0,0,1,0,0,0,0
Desenvolvedor Frontend,Sênior,SP,Híbrido,11100.0,14.4,0,0,0,1,0,0,0,0,0,1,0,0,0,0,0,1,0,0,0,1,0,0,0,0,0,0,0,0,0,0,1
Analista de TI,Sênior,RJ,Híbrido,7400.0,5.5,0,0,0,0,0,0,1,0,0,0,0,0,0,1,0,0,0,0,0,0,0,1,1,0,0,1,0,0,0,0,0
Analista de Dados,Pleno,SP,Presencial,5300.0,4.2,0,0,0,0,0,0,1,0,0,0,0,0,0,0,0,0,0,1,1,0,0,0,1,0,0,0,0,1,0,0,0
QA / Tester,Pleno,PE,Híbrido,4700.0,4.9,0,0,0,0,0,0,0,0,0,0,1,0,0,0,0,0,1,0,1,0,0,0,1,1,0,0,0,0,0,0,0
DevOps / SRE,Sênior,DF,Presencial,16400.0,7.0,0,0,1,0,0,1,0,0,0,0,0,0,1,1,0,0,0,0,0,0,0,0,0,0,0,0,0,0,0,1,0
Cientista de Dados,Sênior,SP,Remoto,12700.0,10.7,0,0,0,0,0,0,0,0,0,0,0,0,0,0,1,0,0,0,1,0,0,0,1,0,1,0,0,0,1,0,0
Cientista de Dados,Júnior,RS,Remoto,5300.0,1.2,0,0,0,0,0,0,0,0,0,0,0,0,0,0,1,0,0,0,1,0,0,0,1,0,1,0,0,0,1,0,0
Cientista de Dados,Júnior,DF,Remoto,5000.0,0.7,0,0,0,0,0,0,0,0,0,0,0,0,0,0,1,0,0,0,1,0,0,0,1,0,1,0,0,0,1,0,0
Engenheiro de Dados,Pleno,SP,Híbrido,9100.0,4.6,0,1,0,0,1,0,0,0,0,0,0,0,0,0,0,0,0,0,1,0,0,0,1,0,1,0,0,0,0,0,0
Desenvolvedor Frontend,Sênior,MG,Presencial,9900.0,10.6,0,0,0,1,0,0,0,0,0,1,0,0,0,0,0,1,0,0,0,1,0,0,0,0,0,0,0,0,0,0,1
Desenvolvedor Backend,Sênior,DF,Remoto,11400.0,13.6,1,0,0,0,0,1,0,0,1,0,0,0,0,0,0,0,0,0,1,0,0,0,1,0,0,0,0,0,0,0,0
Engenheiro de Dados,Júnior,SP,Presencial,5500.0,1.4,0,1,0,0,1,0,0,0,0,0,0,0,0,0,0,0,0,0,1,0,0,0,1,0,1,0,0,0,0,0,0
Desenvolvedor Frontend,Pleno,RS,Remoto,7100.0,3.6,0,0,0,1,0,0,0,0,0,1,0,0,0,0,0,1,0,0,0,1,0,0,0,0,0,0,0,0,0,0,1
Analista de Dados,Pleno,SP,Presencial,6200.0,2.2,0,0,0,0,0,0,1,0,0,0,0,0,0,0,0,0,0,1,1,0,0,0,1,0,0,0,0,1,0,0,0
Engenheiro de Dados,Sênior,DF,Remoto,13900.0,6.7,0,1,0,0,1,0,0,0,0,0,0,0,0,0,0,0,0,0,1,0,0,0,1,0,1,0,0,0,0,0,0
Desenvolvedor Backend,Sênior,BA,Remoto,8400.0,14.5,1,0,0,0,0,1,0,0,1,0,0,0,0,0,0,0,0,0,1,0,0,0,1,0,0,0,0,0,0,0,0
Desenvolvedor Backend,Sênior,DF,Híbrido,13700.0,9.6,1,0,0,0,0,1,0,0,1,0,0,0,0,0,0,0,0,0,1,0,0,0,1,0,0,0,0,0,0,0,0
DevOps / SRE,Pleno,RJ,Remoto,10500.0,3.2,0,0,1,0,0,1,0,0,0,0,0,0,1,1,0,0,0,0,0,0,0,0,0,0,0,0,0,0,0,1,0
Cientista de Dados,Pleno,SC,Remoto,9700.0,2.2,0,0,0,0,0,0,0,0,0,0,0,0,0,0,1,0,0,0,1,0,0,0,1,0,1,0,0,0,1,0,0
Desenvolvedor Backend,Júnior,SC,Remoto,5000.0,1.0,1,0,0,0,0,1,0,0,1,0,0,0,0,0,0,0,0,0,1,0,0,0,1,0,0,0,0,0,0,0,0
Desenvolvedor Frontend,Júnior,SP,Presencial,3400.0,0.1,0,0,0,1,0,0,0,0,0,1,0,0,0,0,0,1,0,0,0,1,0,0,0,0,0,0,0,0,0,0,1
Analista de Dados,Sênior,PR,Híbrido,11600.0,12.9,0,0,0,0,0,0,1,0,0,0,0,0,0,0,0,0,0,1,1,0,0,0,1,0,0,0,0,1,0,0,0
Desenvolvedor Frontend,Sênior,SP,Remoto,10100.0,6.6,0,0,0,1,0,0,0,0,0,1,0,0,0,0,0,1,0,0,0,1,0,0,0,0,0,0,0,0,0,0,1
Cientista de Dados,Sênior,MG,Híbrido,13600.0,8.3,0,0,0,0,0,0,0,0,0,0,0,0,0,0,1,0,0,0,1,0,0,0,1,0,1,0,0,0,1,0,0
Analista de Dados,Sênior,SP,Híbrido,10100.0,7.0,0,0,0,0,0,0,1,0,0,0,0,0,0,0,0,0,0,1,1,0,0,0,1,0,0,0,0,1,0,0,0
QA / Tester,Pleno,SP,Remoto,6000.0,4.6,0,0,0,0,0,0,0,0,0,0,1,0,0,0,0,0,1,0,1,0,0,0,1,1,0,0,0,0,0,0,0
QA / Tester,Sênior,SP,Híbrido,7700.0,14.8,0,0,0,0,0,0,0,0,0,0,1,0,0,0,0,0,1,0,1,0,0,0,1,1,0,0,0,0,0,0,0
DevOps / SRE,Sênior,RS,Remoto,12200.0,12.7,0,0,1,0,0,1,0,0,0,0,0,0,1,1,0,0,0,0,0,0,0,0,0,0,0,0,0,0,0,1,0
Engenheiro de Dados,Sênior,SP,Remoto,17700.0,10.4,0,1,0,0,1,0,0,0,0,0,0,0,0,0,0,0,0,0,1,0,0,0,1,0,1,0,0,0,0,0,0
Analista de Dados,Júnior,RS,Híbrido,3500.0,1.0,0,0,0,0,0,0,1,0,0,0,0,0,0,0,0,0,0,1,1,0,0,0,1,0,0,0,0,1,0,0,0
Analista de TI,Pleno,SP,Remoto,4700.0,4.5,0,0,0,0,0,0,1,0,0,0,0,0,0,1,0,0,0,0,0,0,0,1,1,0,0,1,0,0,0,0,0
Desenvolvedor Backend,Júnior,SP,Híbrido,3600.0,0.8,1,0,0,0,0,1,0,0,1,0,0,0,0,0,0,0,0,0,1,0,0,0,1,0,0,0,0,0,0,0,0
Analista de Dados,Sênior,RJ,Híbrido,10100.0,7.9,0,0,0,0,0,0,1,0,0,0,0,0,0,0,0,0,0,1,1,0,0,0,1,0,0,0,0,1,0,0,0
Desenvolvedor Backend,Pleno,PR,Remoto,6600.0,4.4,1,0,0,0,0,1,0,0,1,0,0,0,0,0,0,0,0,0,1,0,0,0,1,0,0,0,0,0,0,0,0
Analista de Dados,Júnior,SP,Híbrido,4300.0,1.6,0,0,0,0,0,0,1,0,0,0,0,0,0,0,0,0,0,1,1,0,0,0,1,0,0,0,0,1,0,0,0
Desenvolvedor Mobile,Pleno,MG,Remoto,8500.0,3.2,1,0,0,0,0,0,0,1,0,0,0,1,0,0,0,0,0,0,0,0,1,0,0,0,0,0,1,0,0,0,0
Engenheiro de Dados,Pleno,SC,Presencial,10100.0,2.5,0,1,0,0,1,0,0,0,0,0,0,0,0,0,0,0,0,0,1,0,0,0,1,0,1,0,0,0,0,0,0
Analista de TI,Pleno,MG,Híbrido,5000.0,4.1,0,0,0,0,0,0,1,0,0,0,0,0,0,1,0,0,0,0,0,0,0,1,1,0,0,1,0,0,0,0,0
Engenheiro de Dados,Júnior,SP,Presencial,5100.0,1.7,0,1,0,0,1,0,0,0,0,0,0,0,0,0,0,0,0,0,1,0,0,0,1,0,1,0,0,0,0,0,0
Desenvolvedor Frontend,Pleno,SP,Híbrido,7900.0,4.7,0,0,0,1,0,0,0,0,0,1,0,0,0,0,0,1,0,0,0,1,0,0,0,0,0,0,0,0,0,0,1
Desenvolvedor Frontend,Pleno,SC,Remoto,6700.0,2.6,0,0,0,1,0,0,0,0,0,1,0,0,0,0,0,1,0,0,0,1,0,0,0,0,0,0,0,0,0,0,1
Cientista de Dados,Sênior,SP,Híbrido,14300.0,13.9,0,0,0,0,0,0,0,0,0,0,0,0,0,0,1,0,0,0,1,0,0,0,1,0,1,0,0,0,1,0,0
QA / Tester,Pleno,SC,Presencial,4400.0,3.3,0,0,0,0,0,0,0,0,0,0,1,0,0,0,0,0,1,0,1,0,0,0,1,1,0,0,0,0,0,0,0
DevOps / SRE,Sênior,RJ,Híbrido,15800.0,11.2,0,0,1,0,0,1,0,0,0,0,0,0,1,1,0,0,0,0,0,0,0,0,0,0,0,0,0,0,0,1,0
QA / Tester,Pleno,DF,Presencial,5000.0,4.9,0,0,0,0,0,0,0,0,0,0,1,0,0,0,0,0,1,0,1,0,0,0,1,1,0,0,0,0,0,0,0
Desenvolvedor Mobile,Pleno,PR,Presencial,8800.0,3.3,1,0,0,0,0,0,0,1,0,0,0,1,0,0,0,0,0,0,0,0,1,0,0,0,0,0,1,0,0,0,0
Desenvolvedor Frontend,Sênior,PE,Remoto,9600.0,13.8,0,0,0,1,0,0,0,0,0,1,0,0,0,0,0,1,0,0,0,1,0,0,0,0,0,0,0,0,0,0,1
Desenvolvedor Mobile,Pleno,SP,Remoto,7900.0,3.3,1,0,0,0,0,0,0,1,0,0,0,1,0,0,0,0,0,0,0,0,1,0,0,0,0,0,1,0,0,0,0
Analista de Dados,Júnior,PR,Híbrido,4000.0,1.4,0,0,0,0,0,0,1,0,0,0,0,0,0,0,0,0,0,1,1,0,0,0,1,0,0,0,0,1,0,0,0
Cientista de Dados,Júnior,RJ,Híbrido,6600.0,1.8,0,0,0,0,0,0,0,0,0,0,0,0,0,0,1,0,0,0,1,0,0,0,1,0,1,0,0,0,1,0,0
Analista de Dados,Sênior,RJ,Presencial,10200.0,6.9,0,0,0,0,0,0,1,0,0,0,0,0,0,0,0,0,0,1,1,0,0,0,1,0,0,0,0,1,0,0,0
Engenheiro de Dados,Pleno,MG,Presencial,9600.0,4.6,0,1,0,0,1,0,0,0,0,0,0,0,0,0,0,0,0,0,1,0,0,0,1,0,1,0,0,0,0,0,0
Desenvolvedor Backend,Sênior,SC,Remoto,13300.0,12.1,1,0,0,0,0,1,0,0,1,0,0,0,0,0,0,0,0,0,1,0,0,0,1,0,0,0,0,0,0,0,0
Engenheiro de Dados,Júnior,PE,Remoto,6400.0,0.6,0,1,0,0,1,0,0,0,0,0,0,0,0,0,0,0,0,0,1,0,0,0,1,0,1,0,0,0,0,0,0
DevOps / SRE,Júnior,PR,Presencial,5800.0,0.9,0,0,1,0,0,1,0,0,0,0,0,0,1,1,0,0,0,0,0,0,0,0,0,0,0,0,0,0,0,1,0
Desenvolvedor Backend,Júnior,RJ,Remoto,3900.0,0.7,1,0,0,0,0,1,0,0,1,0,0,0,0,0,0,0,0,0,1,0,0,0,1,0,0,0,0,0,0,0,0
Engenheiro de Dados,Pleno,RJ,Presencial,11600.0,3.0,0,1,0,0,1,0,0,0,0,0,0,0,0,0,0,0,0,0,1,0,0,0,1,0,1,0,0,0,0,0,0
Desenvolvedor Frontend,Pleno,RS,Híbrido,7000.0,2.5,0,0,0,1,0,0,0,0,0,1,0,0,0,0,0,1,0,0,0,1,0,0,0,0,0,0,0,0,0,0,1
Cientista de Dados,Pleno,SP,Híbrido,9900.0,2.3,0,0,0,0,0,0,0,0,0,0,0,0,0,0,1,0,0,0,1,0,0,0,1,0,1,0,0,0,1,0,0
DevOps / SRE,Pleno,SP,Remoto,10100.0,2.7,0,0,1,0,0,1,0,0,0,0,0,0,1,1,0,0,0,0,0,0,0,0,0,0,0,0,0,0,0,1,0
Analista de Dados,Sênior,SP,Híbrido,9500.0,9.5,0,0,0,0,0,0,1,0,0,0,0,0,0,0,0,0,0,1,1,0,0,0,1,0,0,0,0,1,0,0,0
QA / Tester,Pleno,SP,Híbrido,4400.0,4.2,0,0,0,0,0,0,0,0,0,0,1,0,0,0,0,0,1,0,1,0,0,0,1,1,0,0,0,0,0,0,0
DevOps / SRE,Pleno,SP,Híbrido,10900.0,3.1,0,0,1,0,0,1,0,0,0,0,0,0,1,1,0,0,0,0,0,0,0,0,0,0,0,0,0,0,0,1,0
Cientista de Dados,Sênior,SP,Remoto,17700.0,13.4,0,0,0,0,0,0,0,0,0,0,0,0,0,0,1,0,0,0,1,0,0,0,1,0,1,0,0,0,1,0,0
Analista de Dados,Pleno,SP,Híbrido,6800.0,3.9,0,0,0,0,0,0,1,0,0,0,0,0,0,0,0,0,0,1,1,0,0,0,1,0,0,0,0,1,0,0,0
DevOps / SRE,Pleno,SP,Presencial,9500.0,2.4,0,0,1,0,0,1,0,0,0,0,0,0,1,1,0,0,0,0,0,0,0,0,0,0,0,0,0,0,0,1,0
Analista de TI,Sênior,PE,Remoto,6000.0,11.9,0,0,0,0,0,0,1,0,0,0,0,0,0,1,0,0,0,0,0,0,0,1,1,0,0,1,0,0,0,0,0
Analista de TI,Sênior,RJ,Remoto,8000.0,5.7,0,0,0,0,0,0,1,0,0,0,0,0,0,1,0,0,0,0,0,0,0,1,1,0,0,1,0,0,0,0,0
DevOps / SRE,Júnior,RJ,Remoto,5200.0,0.5,0,0,1,0,0,1,0,0,0,0,0,0,1,1,0,0,0,0,0,0,0,0,0,0,0,0,0,0,0,1,0
Analista de Dados,Sênior,RS,Híbrido,9700.0,13.4,0,0,0,0,0,0,1,0,0,0,0,0,0,0,0,0,0,1,1,0,0,0,1,0,0,0,0,1,0,0,0
Desenvolvedor Backend,Pleno,SP,Híbrido,8800.0,4.1,1,0,0,0,0,1,0,0,1,0,0,0,0,0,0,0,0,0,1,0,0,0,1,0,0,0,0,0,0,0,0
Analista de Dados,Júnior,DF,Híbrido,2900.0,1.0,0,0,0,0,0,0,1,0,0,0,0,0,0,0,0,0,0,1,1,0,0,0,1,0,0,0,0,1,0,0,0
Desenvolvedor Mobile,Pleno,PR,Remoto,6600.0,2.1,1,0,0,0,0,0,0,1,0,0,0,1,0,0,0,0,0,0,0,0,1,0,0,0,0,0,1,0,0,0,0
Desenvolvedor Frontend,Sênior,SP,Remoto,10100.0,8.0,0,0,0,1,0,0,0,0,0,1,0,0,0,0,0,1,0,0,0,1,0,0,0,0,0,0,0,0,0,0,1
Engenheiro de Dados,Pleno,RJ,Híbrido,10600.0,4.6,0,1,0,0,1,0,0,0,0,0,0,0,0,0,0,0,0,0,1,0,0,0,1,0,1,0,0,0,0,0,0
Analista de Dados,Pleno,SC,Híbrido,6600.0,4.3,0,0,0,0,0,0,1,0,0,0,0,0,0,0,0,0,0,1,1,0,0,0,1,0,0,0,0,1,0,0,0
Engenheiro de Dados,Pleno,DF,Presencial,10800.0,2.8,0,1,0,0,1,0,0,0,0,0,0,0,0,0,0,0,0,0,1,0,0,0,1,0,1,0,0,0,0,0,0
Engenheiro de Dados,Júnior,RJ,Remoto,6200.0,1.8,0,1,0,0,1,0,0,0,0,0,0,0,0,0,0,0,0,0,1,0,0,0,1,0,1,0,0,0,0,0,0
Analista de TI,Júnior,MG,Híbrido,2700.0,0.2,0,0,0,0,0,0,1,0,0,0,0,0,0,1,0,0,0,0,0,0,0,1,1,0,0,1,0,0,0,0,0
Desenvolvedor Frontend,Júnior,SP,Híbrido,4300.0,0.9,0,0,0,1,0,0,0,0,0,1,0,0,0,0,0,1,0,0,0,1,0,0,0,0,0,0,0,0,0,0,1
Desenvolvedor Mobile,Júnior,PE,Híbrido,4500.0,1.1,1,0,0,0,0,0,0,1,0,0,0,1,0,0,0,0,0,0,0,0,1,0,0,0,0,0,1,0,0,0,0
Desenvolvedor Backend,Júnior,SP,Híbrido,3900.0,0.8,1,0,0,0,0,1,0,0,1,0,0,0,0,0,0,0,0,0,1,0,0,0,1,0,0,0,0,0,0,0,0
Analista de Dados,Júnior,DF,Híbrido,3300.0,1.5,0,0,0,0,0,0,1,0,0,0,0,0,0,0,0,0,0,1,1,0,0,0,1,0,0,0,0,1,0,0,0
Analista de TI,Pleno,MG,Presencial,4500.0,4.8,0,0,0,0,0,0,1,0,0,0,0,0,0,1,0,0,0,0,0,0,0,1,1,0,0,1,0,0,0,0,0
DevOps / SRE,Júnior,MG,Remoto,5400.0,0.6,0,0,1,0,0,1,0,0,0,0,0,0,1,1,0,0,0,0,0,0,0,0,0,0,0,0,0,0,0,1,0
Desenvolvedor Frontend,Pleno,RJ,Remoto,6600.0,4.7,0,0,0,1,0,0,0,0,0,1,0,0,0,0,0,1,0,0,0,1,0,0,0,0,0,0,0,0,0,0,1
DevOps / SRE,Sênior,SP,Híbrido,16300.0,5.2,0,0,1,0,0,1,0,0,0,0,0,0,1,1,0,0,0,0,0,0,0,0,0,0,0,0,0,0,0,1,0
Desenvolvedor Backend,Pleno,SP,Híbrido,8600.0,4.9,1,0,0,0,0,1,0,0,1,0,0,0,0,0,0,0,0,0,1,0,0,0,1,0,0,0,0,0,0,0,0
Desenvolvedor Frontend,Pleno,SP,Remoto,6200.0,4.5,0,0,0,1,0,0,0,0,0,1,0,0,0,0,0,1,0,0,0,1,0,0,0,0,0,0,0,0,0,0,1
Desenvolvedor Backend,Júnior,SP,Remoto,4500.0,0.6,1,0,0,0,0,1,0,0,1,0,0,0,0,0,0,0,0,0,1,0,0,0,1,0,0,0,0,0,0,0,0
Analista de Dados,Júnior,PR,Remoto,3700.0,0.2,0,0,0,0,0,0,1,0,0,0,0,0,0,0,0,0,0,1,1,0,0,0,1,0,0,0,0,1,0,0,0
Analista de Dados,Júnior,SP,Presencial,4300.0,0.5,0,0,0,0,0,0,1,0,0,0,0,0,0,0,0,0,0,1,1,0,0,0,1,0,0,0,0,1,0,0,0
Analista de Dados,Júnior,SP,Remoto,3500.0,0.6,0,0,0,0,0,0,1,0,0,0,0,0,0,0,0,0,0,1,1,0,0,0,1,0,0,0,0,1,0,0,0
Desenvolvedor Frontend,Júnior,BA,Remoto,3400.0,1.2,0,0,0,1,0,0,0,0,0,1,0,0,0,0,0,1,0,0,0,1,0,0,0,0,0,0,0,0,0,0,1
Engenheiro de Dados,Júnior,SC,Remoto,4800.0,1.5,0,1,0,0,1,0,0,0,0,0,0,0,0,0,0,0,0,0,1,0,0,0,1,0,1,0,0,0,0,0,0
Desenvolvedor Backend,Júnior,DF,Remoto,3500.0,0.1,1,0,0,0,0,1,0,0,1,0,0,0,0,0,0,0,0,0,1,0,0,0,1,0,0,0,0,0,0,0,0
Desenvolvedor Mobile,Júnior,PE,Remoto,4500.0,1.8,1,0,0,0,0,0,0,1,0,0,0,1,0,0,0,0,0,0,0,0,1,0,0,0,0,0,1,0,0,0,0
Engenheiro de Dados,Pleno,SP,Híbrido,12100.0,2.6,0,1,0,0,1,0,0,0,0,0,0,0,0,0,0,0,0,0,1,0,0,0,1,0,1,0,0,0,0,0,0
Desenvolvedor Backend,Júnior,RJ,Remoto,3900.0,1.6,1,0,0,0,0,1,0,0,1,0,0,0,0,0,0,0,0,0,1,0,0,0,1,0,0,0,0,0,0,0,0
Analista de TI,Pleno,PR,Presencial,4400.0,2.1,0,0,0,0,0,0,1,0,0,0,0,0,0,1,0,0,0,0,0,0,0,1,1,0,0,1,0,0,0,0,0
Cientista de Dados,Pleno,RS,Remoto,9100.0,2.2,0,0,0,0,0,0,0,0,0,0,0,0,0,0,1,0,0,0,1,0,0,0,1,0,1,0,0,0,1,0,0
Analista de Dados,Pleno,SP,Híbrido,7400.0,4.5,0,0,0,0,0,0,1,0,0,0,0,0,0,0,0,0,0,1,1,0,0,0,1,0,0,0,0,1,0,0,0
Engenheiro de Dados,Júnior,PR,Presencial,4900.0,0.2,0,1,0,0,1,0,0,0,0,0,0,0,0,0,0,0,0,0,1,0,0,0,1,0,1,0,0,0,0,0,0
Cientista de Dados,Sênior,SP,Híbrido,15400.0,14.1,0,0,0,0,0,0,0,0,0,0,0,0,0,0,1,0,0,0,1,0,0,0,1,0,1,0,0,0,1,0,0
Desenvolvedor Mobile,Pleno,SP,Híbrido,8400.0,4.6,1,0,0,0,0,0,0,1,0,0,0,1,0,0,0,0,0,0,0,0,1,0,0,0,0,0,1,0,0,0,0
DevOps / SRE,Júnior,RJ,Remoto,5300.0,1.1,0,0,1,0,0,1,0,0,0,0,0,0,1,1,0,0,0,0,0,0,0,0,0,0,0,0,0,0,0,1,0
Desenvolvedor Frontend,Sênior,MG,Remoto,7400.0,8.2,0,0,0,1,0,0,0,0,0,1,0,0,0,0,0,1,0,0,0,1,0,0,0,0,0,0,0,0,0,0,1
Desenvolvedor Mobile,Sênior,MG,Híbrido,13000.0,9.3,1,0,0,0,0,0,0,1,0,0,0,1,0,0,0,0,0,0,0,0,1,0,0,0,0,0,1,0,0,0,0
DevOps / SRE,Júnior,SP,Presencial,5300.0,1.8,0,0,1,0,0,1,0,0,0,0,0,0,1,1,0,0,0,0,0,0,0,0,0,0,0,0,0,0,0,1,0
Cientista de Dados,Júnior,SC,Híbrido,5800.0,0.9,0,0,0,0,0,0,0,0,0,0,0,0,0,0,1,0,0,0,1,0,0,0,1,0,1,0,0,0,1,0,0
Desenvolvedor Mobile,Sênior,SP,Híbrido,14300.0,10.9,1,0,0,0,0,0,0,1,0,0,0,1,0,0,0,0,0,0,0,0,1,0,0,0,0,0,1,0,0,0,0
Desenvolvedor Frontend,Sênior,SP,Híbrido,12700.0,12.0,0,0,0,1,0,0,0,0,0,1,0,0,0,0,0,1,0,0,0,1,0,0,0,0,0,0,0,0,0,0,1
DevOps / SRE,Júnior,SC,Híbrido,5000.0,0.2,0,0,1,0,0,1,0,0,0,0,0,0,1,1,0,0,0,0,0,0,0,0,0,0,0,0,0,0,0,1,0
Desenvolvedor Mobile,Júnior,BA,Remoto,3200.0,0.8,1,0,0,0,0,0,0,1,0,0,0,1,0,0,0,0,0,0,0,0,1,0,0,0,0,0,1,0,0,0,0
Engenheiro de Dados,Pleno,SC,Híbrido,12600.0,4.9,0,1,0,0,1,0,0,0,0,0,0,0,0,0,0,0,0,0,1,0,0,0,1,0,1,0,0,0,0,0,0
Analista de Dados,Pleno,PR,Presencial,6400.0,3.8,0,0,0,0,0,0,1,0,0,0,0,0,0,0,0,0,0,1,1,0,0,0,1,0,0,0,0,1,0,0,0
Cientista de Dados,Pleno,MG,Remoto,9000.0,3.9,0,0,0,0,0,0,0,0,0,0,0,0,0,0,1,0,0,0,1,0,0,0,1,0,1,0,0,0,1,0,0
Desenvolvedor Backend,Pleno,MG,Híbrido,9600.0,2.2,1,0,0,0,0,1,0,0,1,0,0,0,0,0,0,0,0,0,1,0,0,0,1,0,0,0,0,0,0,0,0
DevOps / SRE,Pleno,SP,Remoto,8700.0,3.4,0,0,1,0,0,1,0,0,0,0,0,0,1,1,0,0,0,0,0,0,0,0,0,0,0,0,0,0,0,1,0
Desenvolvedor Mobile,Sênior,RJ,Híbrido,10100.0,5.5,1,0,0,0,0,0,0,1,0,0,0,1,0,0,0,0,0,0,0,0,1,0,0,0,0,0,1,0,0,0,0
Analista de Dados,Júnior,SP,Remoto,3300.0,1.9,0,0,0,0,0,0,1,0,0,0,0,0,0,0,0,0,0,1,1,0,0,0,1,0,0,0,0,1,0,0,0
Desenvolvedor Backend,Júnior,SP,Híbrido,3700.0,0.7,1,0,0,0,0,1,0,0,1,0,0,0,0,0,0,0,0,0,1,0,0,0,1,0,0,0,0,0,0,0,0
Desenvolvedor Backend,Sênior,RS,Híbrido,10800.0,11.1,1,0,0,0,0,1,0,0,1,0,0,0,0,0,0,0,0,0,1,0,0,0,1,0,0,0,0,0,0,0,0
Cientista de Dados,Sênior,RJ,Remoto,14900.0,7.8,0,0,0,0,0,0,0,0,0,0,0,0,0,0,1,0,0,0,1,0,0,0,1,0,1,0,0,0,1,0,0
Analista de Dados,Pleno,SP,Híbrido,6600.0,2.0,0,0,0,0,0,0,1,0,0,0,0,0,0,0,0,0,0,1,1,0,0,0,1,0,0,0,0,1,0,0,0
Engenheiro de Dados,Pleno,SP,Presencial,8300.0,2.0,0,1,0,0,1,0,0,0,0,0,0,0,0,0,0,0,0,0,1,0,0,0,1,0,1,0,0,0,0,0,0
QA / Tester,Júnior,RS,Presencial,2700.0,1.6,0,0,0,0,0,0,0,0,0,0,1,0,0,0,0,0,1,0,1,0,0,0,1,1,0,0,0,0,0,0,0
Engenheiro de Dados,Pleno,SP,Remoto,9100.0,3.7,0,1,0,0,1,0,0,0,0,0,0,0,0,0,0,0,0,0,1,0,0,0,1,0,1,0,0,0,0,0,0
Desenvolvedor Backend,Pleno,SC,Remoto,6200.0,4.8,1,0,0,0,0,1,0,0,1,0,0,0,0,0,0,0,0,0,1,0,0,0,1,0,0,0,0,0,0,0,0
Analista de TI,Júnior,RJ,Remoto,2500.0,0.8,0,0,0,0,0,0,1,0,0,0,0,0,0,1,0,0,0,0,0,0,0,1,1,0,0,1,0,0,0,0,0
Desenvolvedor Backend,Júnior,RJ,Presencial,4100.0,0.2,1,0,0,0,0,1,0,0,1,0,0,0,0,0,0,0,0,0,1,0,0,0,1,0,0,0,0,0,0,0,0
QA / Tester,Pleno,MG,Presencial,4500.0,3.0,0,0,0,0,0,0,0,0,0,0,1,0,0,0,0,0,1,0,1,0,0,0,1,1,0,0,0,0,0,0,0
QA / Tester,Júnior,PR,Híbrido,3200.0,1.0,0,0,0,0,0,0,0,0,0,0,1,0,0,0,0,0,1,0,1,0,0,0,1,1,0,0,0,0,0,0,0
Engenheiro de Dados,Pleno,SP,Presencial,10000.0,4.1,0,1,0,0,1,0,0,0,0,0,0,0,0,0,0,0,0,0,1,0,0,0,1,0,1,0,0,0,0,0,0
Desenvolvedor Backend,Júnior,RS,Híbrido,3700.0,0.8,1,0,0,0,0,1,0,0,1,0,0,0,0,0,0,0,0,0,1,0,0,0,1,0,0,0,0,0,0,0,0
Engenheiro de Dados,Pleno,MG,Híbrido,8200.0,3.2,0,1,0,0,1,0,0,0,0,0,0,0,0,0,0,0,0,0,1,0,0,0,1,0,1,0,0,0,0,0,0
Engenheiro de Dados,Júnior,SP,Remoto,5700.0,1.2,0,1,0,0,1,0,0,0,0,0,0,0,0,0,0,0,0,0,1,0,0,0,1,0,1,0,0,0,0,0,0
Analista de Dados,Sênior,SC,Híbrido,10600.0,8.1,0,0,0,0,0,0,1,0,0,0,0,0,0,0,0,0,0,1,1,0,0,0,1,0,0,0,0,1,0,0,0
Desenvolvedor Frontend,Pleno,PR,Remoto,6600.0,2.8,0,0,0,1,0,0,0,0,0,1,0,0,0,0,0,1,0,0,0,1,0,0,0,0,0,0,0,0,0,0,1
Desenvolvedor Backend,Pleno,MG,Presencial,8100.0,2.2,1,0,0,0,0,1,0,0,1,0,0,0,0,0,0,0,0,0,1,0,0,0,1,0,0,0,0,0,0,0,0
Analista de Dados,Sênior,SC,Presencial,11900.0,6.1,0,0,0,0,0,0,1,0,0,0,0,0,0,0,0,0,0,1,1,0,0,0,1,0,0,0,0,1,0,0,0
Engenheiro de Dados,Pleno,SC,Híbrido,11100.0,3.2,0,1,0,0,1,0,0,0,0,0,0,0,0,0,0,0,0,0,1,0,0,0,1,0,1,0,0,0,0,0,0
Desenvolvedor Mobile,Júnior,RS,Remoto,3000.0,0.2,1,0,0,0,0,0,0,1,0,0,0,1,0,0,0,0,0,0,0,0,1,0,0,0,0,0,1,0,0,0,0
Cientista de Dados,Pleno,SC,Remoto,8200.0,3.3,0,0,0,0,0,0,0,0,0,0,0,0,0,0,1,0,0,0,1,0,0,0,1,0,1,0,0,0,1,0,0
Cientista de Dados,Pleno,RS,Remoto,8900.0,2.2,0,0,0,0,0,0,0,0,0,0,0,0,0,0,1,0,0,0,1,0,0,0,1,0,1,0,0,0,1,0,0
Desenvolvedor Backend,Sênior,RS,Remoto,13100.0,8.5,1,0,0,0,0,1,0,0,1,0,0,0,0,0,0,0,0,0,1,0,0,0,1,0,0,0,0,0,0,0,0
QA / Tester,Pleno,MG,Remoto,5100.0,4.0,0,0,0,0,0,0,0,0,0,0,1,0,0,0,0,0,1,0,1,0,0,0,1,1,0,0,0,0,0,0,0
Engenheiro de Dados,Júnior,PR,Presencial,5800.0,0.7,0,1,0,0,1,0,0,0,0,0,0,0,0,0,0,0,0,0,1,0,0,0,1,0,1,0,0,0,0,0,0
Analista de TI,Júnior,SP,Híbrido,2500.0,1.3,0,0,0,0,0,0,1,0,0,0,0,0,0,1,0,0,0,0,0,0,0,1,1,0,0,1,0,0,0,0,0
DevOps / SRE,Pleno,SC,Remoto,9500.0,4.7,0,0,1,0,0,1,0,0,0,0,0,0,1,1,0,0,0,0,0,0,0,0,0,0,0,0,0,0,0,1,0
Cientista de Dados,Pleno,SC,Remoto,10000.0,4.2,0,0,0,0,0,0,0,0,0,0,0,0,0,0,1,0,0,0,1,0,0,0,1,0,1,0,0,0,1,0,0
Analista de TI,Pleno,SP,Híbrido,4700.0,2.4,0,0,0,0,0,0,1,0,0,0,0,0,0,1,0,0,0,0,0,0,0,1,1,0,0,1,0,0,0,0,0
Desenvolvedor Backend,Pleno,PR,Híbrido,6900.0,2.0,1,0,0,0,0,1,0,0,1,0,0,0,0,0,0,0,0,0,1,0,0,0,1,0,0,0,0,0,0,0,0
Desenvolvedor Frontend,Sênior,SP,Híbrido,11100.0,9.2,0,0,0,1,0,0,0,0,0,1,0,0,0,0,0,1,0,0,0,1,0,0,0,0,0,0,0,0,0,0,1
Desenvolvedor Frontend,Pleno,SP,Presencial,6900.0,3.7,0,0,0,1,0,0,0,0,0,1,0,0,0,0,0,1,0,0,0,1,0,0,0,0,0,0,0,0,0,0,1
Desenvolvedor Frontend,Júnior,RS,Híbrido,2700.0,0.1,0,0,0,1,0,0,0,0,0,1,0,0,0,0,0,1,0,0,0,1,0,0,0,0,0,0,0,0,0,0,1
Analista de Dados,Júnior,SP,Presencial,3600.0,0.7,0,0,0,0,0,0,1,0,0,0,0,0,0,0,0,0,0,1,1,0,0,0,1,0,0,0,0,1,0,0,0
DevOps / SRE,Júnior,PR,Presencial,4400.0,1.5,0,0,1,0,0,1,0,0,0,0,0,0,1,1,0,0,0,0,0,0,0,0,0,0,0,0,0,0,0,1,0
Engenheiro de Dados,Júnior,SC,Remoto,6100.0,1.4,0,1,0,0,1,0,0,0,0,0,0,0,0,0,0,0,0,0,1,0,0,0,1,0,1,0,0,0,0,0,0
Cientista de Dados,Júnior,RJ,Presencial,5300.0,0.9,0,0,0,0,0,0,0,0,0,0,0,0,0,0,1,0,0,0,1,0,0,0,1,0,1,0,0,0,1,0,0
Analista de Dados,Júnior,SP,Remoto,3000.0,0.6,0,0,0,0,0,0,1,0,0,0,0,0,0,0,0,0,0,1,1,0,0,0,1,0,0,0,0,1,0,0,0
Desenvolvedor Frontend,Júnior,SP,Presencial,3900.0,1.6,0,0,0,1,0,0,0,0,0,1,0,0,0,0,0,1,0,0,0,1,0,0,0,0,0,0,0,0,0,0,1
Analista de TI,Júnior,MG,Remoto,2900.0,1.6,0,0,0,0,0,0,1,0,0,0,0,0,0,1,0,0,0,0,0,0,0,1,1,0,0,1,0,0,0,0,0
Analista de Dados,Sênior,PE,Presencial,9700.0,13.6,0,0,0,0,0,0,1,0,0,0,0,0,0,0,0,0,0,1,1,0,0,0,1,0,0,0,0,1,0,0,0
Desenvolvedor Backend,Júnior,MG,Presencial,3900.0,0.6,1,0,0,0,0,1,0,0,1,0,0,0,0,0,0,0,0,0,1,0,0,0,1,0,0,0,0,0,0,0,0
Cientista de Dados,Pleno,SP,Presencial,9900.0,3.7,0,0,0,0,0,0,0,0,0,0,0,0,0,0,1,0,0,0,1,0,0,0,1,0,1,0,0,0,1,0,0
Analista de TI,Pleno,MG,Presencial,5200.0,4.1,0,0,0,0,0,0,1,0,0,0,0,0,0,1,0,0,0,0,0,0,0,1,1,0,0,1,0,0,0,0,0
Cientista de Dados,Sênior,RJ,Remoto,12000.0,11.9,0,0,0,0,0,0,0,0,0,0,0,0,0,0,1,0,0,0,1,0,0,0,1,0,1,0,0,0,1,0,0
Analista de TI,Júnior,PR,Remoto,2200.0,0.9,0,0,0,0,0,0,1,0,0,0,0,0,0,1,0,0,0,0,0,0,0,1,1,0,0,1,0,0,0,0,0
Desenvolvedor Backend,Pleno,SP,Híbrido,7600.0,2.4,1,0,0,0,0,1,0,0,1,0,0,0,0,0,0,0,0,0,1,0,0,0,1,0,0,0,0,0,0,0,0
QA / Tester,Sênior,PR,Remoto,7700.0,6.5,0,0,0,0,0,0,0,0,0,0,1,0,0,0,0,0,1,0,1,0,0,0,1,1,0,0,0,0,0,0,0
Analista de Dados,Sênior,MG,Híbrido,10900.0,5.3,0,0,0,0,0,0,1,0,0,0,0,0,0,0,0,0,0,1,1,0,0,0,1,0,0,0,0,1,0,0,0
Desenvolvedor Backend,Sênior,BA,Remoto,15000.0,8.4,1,0,0,0,0,1,0,0,1,0,0,0,0,0,0,0,0,0,1,0,0,0,1,0,0,0,0,0,0,0,0
Analista de Dados,Júnior,SP,Presencial,4100.0,0.1,0,0,0,0,0,0,1,0,0,0,0,0,0,0,0,0,0,1,1,0,0,0,1,0,0,0,0,1,0,0,0
Desenvolvedor Mobile,Júnior,MG,Híbrido,3200.0,1.4,1,0,0,0,0,0,0,1,0,0,0,1,0,0,0,0,0,0,0,0,1,0,0,0,0,0,1,0,0,0,0
Desenvolvedor Mobile,Pleno,DF,Presencial,6800.0,3.8,1,0,0,0,0,0,0,1,0,0,0,1,0,0,0,0,0,0,0,0,1,0,0,0,0,0,1,0,0,0,0
Engenheiro de Dados,Sênior,SP,Remoto,13600.0,14.9,0,1,0,0,1,0,0,0,0,0,0,0,0,0,0,0,0,0,1,0,0,0,1,0,1,0,0,0,0,0,0
Analista de TI,Pleno,DF,Presencial,4200.0,3.4,0,0,0,0,0,0,1,0,0,0,0,0,0,1,0,0,0,0,0,0,0,1,1,0,0,1,0,0,0,0,0
DevOps / SRE,Pleno,RS,Presencial,8600.0,3.5,0,0,1,0,0,1,0,0,0,0,0,0,1,1,0,0,0,0,0,0,0,0,0,0,0,0,0,0,0,1,0
Desenvolvedor Frontend,Júnior,SP,Híbrido,3700.0,0.1,0,0,0,1,0,0,0,0,0,1,0,0,0,0,0,1,0,0,0,1,0,0,0,0,0,0,0,0,0,0,1
Desenvolvedor Frontend,Sênior,SP,Híbrido,11700.0,8.8,0,0,0,1,0,0,0,0,0,1,0,0,0,0,0,1,0,0,0,1,0,0,0,0,0,0,0,0,0,0,1
Engenheiro de Dados,Júnior,RS,Híbrido,5500.0,0.1,0,1,0,0,1,0,0,0,0,0,0,0,0,0,0,0,0,0,1,0,0,0,1,0,1,0,0,0,0,0,0
Analista de Dados,Pleno,SP,Remoto,6400.0,2.5,0,0,0,0,0,0,1,0,0,0,0,0,0,0,0,0,0,1,1,0,0,0,1,0,0,0,0,1,0,0,0
Desenvolvedor Mobile,Pleno,MG,Híbrido,7200.0,2.1,1,0,0,0,0,0,0,1,0,0,0,1,0,0,0,0,0,0,0,0,1,0,0,0,0,0,1,0,0,0,0
Desenvolvedor Mobile,Pleno,SP,Remoto,7300.0,2.9,1,0,0,0,0,0,0,1,0,0,0,1,0,0,0,0,0,0,0,0,1,0,0,0,0,0,1,0,0,0,0
Desenvolvedor Frontend,Júnior,MG,Remoto,4200.0,1.8,0,0,0,1,0,0,0,0,0,1,0,0,0,0,0,1,0,0,0,1,0,0,0,0,0,0,0,0,0,0,1
Engenheiro de Dados,Júnior,SP,Remoto,6000.0,1.2,0,1,0,0,1,0,0,0,0,0,0,0,0,0,0,0,0,0,1,0,0,0,1,0,1,0,0,0,0,0,0
Desenvolvedor Backend,Pleno,SC,Remoto,7700.0,4.5,1,0,0,0,0,1,0,0,1,0,0,0,0,0,0,0,0,0,1,0,0,0,1,0,0,0,0,0,0,0,0
Analista de TI,Júnior,BA,Remoto,2500.0,0.8,0,0,0,0,0,0,1,0,0,0,0,0,0,1,0,0,0,0,0,0,0,1,1,0,0,1,0,0,0,0,0
Desenvolvedor Mobile,Pleno,BA,Remoto,7900.0,3.0,1,0,0,0,0,0,0,1,0,0,0,1,0,0,0,0,0,0,0,0,1,0,0,0,0,0,1,0,0,0,0
Desenvolvedor Mobile,Júnior,RS,Presencial,3400.0,1.1,1,0,0,0,0,0,0,1,0,0,0,1,0,0,0,0,0,0,0,0,1,0,0,0,0,0,1,0,0,0,0
DevOps / SRE,Pleno,SP,Híbrido,9700.0,3.6,0,0,1,0,0,1,0,0,0,0,0,0,1,1,0,0,0,0,0,0,0,0,0,0,0,0,0,0,0,1,0
Analista de TI,Pleno,PR,Presencial,4800.0,3.3,0,0,0,0,0,0,1,0,0,0,0,0,0,1,0,0,0,0,0,0,0,1,1,0,0,1,0,0,0,0,0
Analista de Dados,Júnior,SP,Híbrido,3700.0,0.6,0,0,0,0,0,0,1,0,0,0,0,0,0,0,0,0,0,1,1,0,0,0,1,0,0,0,0,1,0,0,0
Cientista de Dados,Pleno,SP,Remoto,8100.0,2.2,0,0,0,0,0,0,0,0,0,0,0,0,0,0,1,0,0,0,1,0,0,0,1,0,1,0,0,0,1,0,0
Desenvolvedor Mobile,Júnior,SP,Híbrido,3700.0,0.7,1,0,0,0,0,0,0,1,0,0,0,1,0,0,0,0,0,0,0,0,1,0,0,0,0,0,1,0,0,0,0
Desenvolvedor Frontend,Júnior,RJ,Híbrido,2700.0,1.2,0,0,0,1,0,0,0,0,0,1,0,0,0,0,0,1,0,0,0,1,0,0,0,0,0,0,0,0,0,0,1
Analista de Dados,Sênior,PR,Remoto,10900.0,6.4,0,0,0,0,0,0,1,0,0,0,0,0,0,0,0,0,0,1,1,0,0,0,1,0,0,0,0,1,0,0,0
Analista de Dados,Pleno,RS,Híbrido,8100.0,3.5,0,0,0,0,0,0,1,0,0,0,0,0,0,0,0,0,0,1,1,0,0,0,1,0,0,0,0,1,0,0,0
Analista de TI,Sênior,RJ,Remoto,6200.0,9.0,0,0,0,0,0,0,1,0,0,0,0,0,0,1,0,0,0,0,0,0,0,1,1,0,0,1,0,0,0,0,0
Analista de Dados,Júnior,SP,Híbrido,4000.0,1.2,0,0,0,0,0,0,1,0,0,0,0,0,0,0,0,0,0,1,1,0,0,0,1,0,0,0,0,1,0,0,0
Cientista de Dados,Pleno,PE,Híbrido,11100.0,2.6,0,0,0,0,0,0,0,0,0,0,0,0,0,0,1,0,0,0,1,0,0,0,1,0,1,0,0,0,1,0,0
Desenvolvedor Frontend,Sênior,RJ,Remoto,10400.0,9.8,0,0,0,1,0,0,0,0,0,1,0,0,0,0,0,1,0,0,0,1,0,0,0,0,0,0,0,0,0,0,1
Analista de TI,Pleno,RJ,Remoto,4400.0,3.6,0,0,0,0,0,0,1,0,0,0,0,0,0,1,0,0,0,0,0,0,0,1,1,0,0,1,0,0,0,0,0
Analista de TI,Pleno,SP,Presencial,4600.0,3.6,0,0,0,0,0,0,1,0,0,0,0,0,0,1,0,0,0,0,0,0,0,1,1,0,0,1,0,0,0,0,0
Cientista de Dados,Pleno,PR,Híbrido,9500.0,4.6,0,0,0,0,0,0,0,0,0,0,0,0,0,0,1,0,0,0,1,0,0,0,1,0,1,0,0,0,1,0,0
Analista de TI,Pleno,RS,Remoto,4700.0,2.4,0,0,0,0,0,0,1,0,0,0,0,0,0,1,0,0,0,0,0,0,0,1,1,0,0,1,0,0,0,0,0
Cientista de Dados,Sênior,SP,Presencial,14300.0,12.9,0,0,0,0,0,0,0,0,0,0,0,0,0,0,1,0,0,0,1,0,0,0,1,0,1,0,0,0,1,0,0
Engenheiro de Dados,Sênior,SP,Remoto,17200.0,14.4,0,1,0,0,1,0,0,0,0,0,0,0,0,0,0,0,0,0,1,0,0,0,1,0,1,0,0,0,0,0,0
Analista de TI,Sênior,RS,Híbrido,6700.0,6.5,0,0,0,0,0,0,1,0,0,0,0,0,0,1,0,0,0,0,0,0,0,1,1,0,0,1,0,0,0,0,0
Analista de TI,Júnior,MG,Presencial,2600.0,1.0,0,0,0,0,0,0,1,0,0,0,0,0,0,1,0,0,0,0,0,0,0,1,1,0,0,1,0,0,0,0,0
Desenvolvedor Mobile,Sênior,SP,Remoto,12000.0,13.6,1,0,0,0,0,0,0,1,0,0,0,1,0,0,0,0,0,0,0,0,1,0,0,0,0,0,1,0,0,0,0
Analista de TI,Sênior,BA,Remoto,5500.0,7.9,0,0,0,0,0,0,1,0,0,0,0,0,0,1,0,0,0,0,0,0,0,1,1,0,0,1,0,0,0,0,0
Desenvolvedor Frontend,Júnior,SP,Remoto,4000.0,0.4,0,0,0,1,0,0,0,0,0,1,0,0,0,0,0,1,0,0,0,1,0,0,0,0,0,0,0,0,0,0,1
Analista de Dados,Júnior,RJ,Remoto,3200.0,1.0,0,0,0,0,0,0,1,0,0,0,0,0,0,0,0,0,0,1,1,0,0,0,1,0,0,0,0,1,0,0,0
Desenvolvedor Backend,Sênior,DF,Remoto,15100.0,9.9,1,0,0,0,0,1,0,0,1,0,0,0,0,0,0,0,0,0,1,0,0,0,1,0,0,0,0,0,0,0,0
Engenheiro de Dados,Pleno,RJ,Híbrido,11300.0,4.9,0,1,0,0,1,0,0,0,0,0,0,0,0,0,0,0,0,0,1,0,0,0,1,0,1,0,0,0,0,0,0
Engenheiro de Dados,Sênior,MG,Remoto,16400.0,9.1,0,1,0,0,1,0,0,0,0,0,0,0,0,0,0,0,0,0,1,0,0,0,1,0,1,0,0,0,0,0,0
QA / Tester,Júnior,RJ,Híbrido,3000.0,1.1,0,0,0,0,0,0,0,0,0,0,1,0,0,0,0,0,1,0,1,0,0,0,1,1,0,0,0,0,0,0,0
Desenvolvedor Backend,Sênior,SP,Presencial,14000.0,14.6,1,0,0,0,0,1,0,0,1,0,0,0,0,0,0,0,0,0,1,0,0,0,1,0,0,0,0,0,0,0,0
Desenvolvedor Mobile,Júnior,PE,Presencial,3900.0,1.7,1,0,0,0,0,0,0,1,0,0,0,1,0,0,0,0,0,0,0,0,1,0,0,0,0,0,1,0,0,0,0
Desenvolvedor Frontend,Júnior,RJ,Híbrido,3400.0,0.9,0,0,0,1,0,0,0,0,0,1,0,0,0,0,0,1,0,0,0,1,0,0,0,0,0,0,0,0,0,0,1
DevOps / SRE,Júnior,SC,Remoto,5400.0,1.3,0,0,1,0,0,1,0,0,0,0,0,0,1,1,0,0,0,0,0,0,0,0,0,0,0,0,0,0,0,1,0
Desenvolvedor Backend,Sênior,SP,Híbrido,8400.0,14.3,1,0,0,0,0,1,0,0,1,0,0,0,0,0,0,0,0,0,1,0,0,0,1,0,0,0,0,0,0,0,0
Desenvolvedor Frontend,Pleno,SP,Híbrido,7000.0,4.1,0,0,0,1,0,0,0,0,0,1,0,0,0,0,0,1,0,0,0,1,0,0,0,0,0,0,0,0,0,0,1
Desenvolvedor Backend,Pleno,SP,Híbrido,7600.0,4.2,1,0,0,0,0,1,0,0,1,0,0,0,0,0,0,0,0,0,1,0,0,0,1,0,0,0,0,0,0,0,0
Cientista de Dados,Pleno,MG,Remoto,8200.0,2.9,0,0,0,0,0,0,0,0,0,0,0,0,0,0,1,0,0,0,1,0,0,0,1,0,1,0,0,0,1,0,0
Analista de TI,Sênior,SP,Presencial,7300.0,8.6,0,0,0,0,0,0,1,0,0,0,0,0,0,1,0,0,0,0,0,0,0,1,1,0,0,1,0,0,0,0,0
Engenheiro de Dados,Pleno,SC,Híbrido,9200.0,2.6,0,1,0,0,1,0,0,0,0,0,0,0,0,0,0,0,0,0,1,0,0,0,1,0,1,0,0,0,0,0,0
Analista de Dados,Sênior,RJ,Remoto,11000.0,14.6,0,0,0,0,0,0,1,0,0,0,0,0,0,0,0,0,0,1,1,0,0,0,1,0,0,0,0,1,0,0,0
Analista de TI,Pleno,BA,Remoto,5000.0,2.9,0,0,0,0,0,0,1,0,0,0,0,0,0,1,0,0,0,0,0,0,0,1,1,0,0,1,0,0,0,0,0
Cientista de Dados,Pleno,SP,Híbrido,9600.0,2.0,0,0,0,0,0,0,0,0,0,0,0,0,0,0,1,0,0,0,1,0,0,0,1,0,1,0,0,0,1,0,0
QA / Tester,Pleno,SC,Presencial,5400.0,4.2,0,0,0,0,0,0,0,0,0,0,1,0,0,0,0,0,1,0,1,0,0,0,1,1,0,0,0,0,0,0,0
QA / Tester,Pleno,PR,Híbrido,5300.0,2.4,0,0,0,0,0,0,0,0,0,0,1,0,0,0,0,0,1,0,1,0,0,0,1,1,0,0,0,0,0,0,0
Desenvolvedor Mobile,Sênior,PR,Híbrido,13200.0,11.6,1,0,0,0,0,0,0,1,0,0,0,1,0,0,0,0,0,0,0,0,1,0,0,0,0,0,1,0,0,0,0
Desenvolvedor Backend,Pleno,SC,Remoto,8700.0,4.3,1,0,0,0,0,1,0,0,1,0,0,0,0,0,0,0,0,0,1,0,0,0,1,0,0,0,0,0,0,0,0
Analista de Dados,Júnior,PR,Híbrido,3600.0,0.2,0,0,0,0,0,0,1,0,0,0,0,0,0,0,0,0,0,1,1,0,0,0,1,0,0,0,0,1,0,0,0
Desenvolvedor Mobile,Sênior,MG,Híbrido,13500.0,9.9,1,0,0,0,0,0,0,1,0,0,0,1,0,0,0,0,0,0,0,0,1,0,0,0,0,0,1,0,0,0,0
Desenvolvedor Backend,Pleno,SP,Remoto,7800.0,3.2,1,0,0,0,0,1,0,0,1,0,0,0,0,0,0,0,0,0,1,0,0,0,1,0,0,0,0,0,0,0,0
QA / Tester,Pleno,SP,Remoto,4600.0,2.2,0,0,0,0,0,0,0,0,0,0,1,0,0,0,0,0,1,0,1,0,0,0,1,1,0,0,0,0,0,0,0
QA / Tester,Sênior,DF,Híbrido,7200.0,13.1,0,0,0,0,0,0,0,0,0,0,1,0,0,0,0,0,1,0,1,0,0,0,1,1,0,0,0,0,0,0,0
Desenvolvedor Mobile,Pleno,MG,Remoto,7200.0,4.8,1,0,0,0,0,0,0,1,0,0,0,1,0,0,0,0,0,0,0,0,1,0,0,0,0,0,1,0,0,0,0
Engenheiro de Dados,Júnior,PR,Híbrido,4300.0,0.2,0,1,0,0,1,0,0,0,0,0,0,0,0,0,0,0,0,0,1,0,0,0,1,0,1,0,0,0,0,0,0
Desenvolvedor Backend,Sênior,RJ,Remoto,13300.0,10.0,1,0,0,0,0,1,0,0,1,0,0,0,0,0,0,0,0,0,1,0,0,0,1,0,0,0,0,0,0,0,0
Desenvolvedor Mobile,Pleno,SP,Remoto,8100.0,2.2,1,0,0,0,0,0,0,1,0,0,0,1,0,0,0,0,0,0,0,0,1,0,0,0,0,0,1,0,0,0,0
Engenheiro de Dados,Pleno,SP,Remoto,11100.0,2.2,0,1,0,0,1,0,0,0,0,0,0,0,0,0,0,0,0,0,1,0,0,0,1,0,1,0,0,0,0,0,0
Cientista de Dados,Júnior,RS,Presencial,4000.0,0.5,0,0,0,0,0,0,0,0,0,0,0,0,0,0,1,0,0,0,1,0,0,0,1,0,1,0,0,0,1,0,0
Desenvolvedor Frontend,Sênior,RJ,Presencial,10000.0,7.8,0,0,0,1,0,0,0,0,0,1,0,0,0,0,0,1,0,0,0,1,0,0,0,0,0,0,0,0,0,0,1
QA / Tester,Pleno,SP,Presencial,5500.0,3.0,0,0,0,0,0,0,0,0,0,0,1,0,0,0,0,0,1,0,1,0,0,0,1,1,0,0,0,0,0,0,0
Analista de TI,Pleno,RJ,Híbrido,4400.0,3.4,0,0,0,0,0,0,1,0,0,0,0,0,0,1,0,0,0,0,0,0,0,1,1,0,0,1,0,0,0,0,0
Desenvolvedor Frontend,Sênior,SP,Remoto,11800.0,14.8,0,0,0,1,0,0,0,0,0,1,0,0,0,0,0,1,0,0,0,1,0,0,0,0,0,0,0,0,0,0,1
Analista de Dados,Sênior,MG,Híbrido,8500.0,11.0,0,0,0,0,0,0,1,0,0,0,0,0,0,0,0,0,0,1,1,0,0,0,1,0,0,0,0,1,0,0,0
Desenvolvedor Frontend,Júnior,SP,Híbrido,4100.0,0.2,0,0,0,1,0,0,0,0,0,1,0,0,0,0,0,1,0,0,0,1,0,0,0,0,0,0,0,0,0,0,1
QA / Tester,Pleno,PR,Presencial,4200.0,4.7,0,0,0,0,0,0,0,0,0,0,1,0,0,0,0,0,1,0,1,0,0,0,1,1,0,0,0,0,0,0,0
Cientista de Dados,Júnior,SP,Remoto,3200.0,1.2,0,0,0,0,0,0,0,0,0,0,0,0,0,0,1,0,0,0,1,0,0,0,1,0,1,0,0,0,1,0,0
Desenvolvedor Backend,Sênior,RJ,Híbrido,13300.0,11.2,1,0,0,0,0,1,0,0,1,0,0,0,0,0,0,0,0,0,1,0,0,0,1,0,0,0,0,0,0,0,0
Desenvolvedor Mobile,Júnior,SP,Remoto,4100.0,0.5,1,0,0,0,0,0,0,1,0,0,0,1,0,0,0,0,0,0,0,0,1,0,0,0,0,0,1,0,0,0,0
Analista de TI,Pleno,SP,Remoto,4200.0,4.1,0,0,0,0,0,0,1,0,0,0,0,0,0,1,0,0,0,0,0,0,0,1,1,0,0,1,0,0,0,0,0
Analista de TI,Sênior,RJ,Híbrido,7400.0,10.5,0,0,0,0,0,0,1,0,0,0,0,0,0,1,0,0,0,0,0,0,0,1,1,0,0,1,0,0,0,0,0
Analista de TI,Sênior,RJ,Híbrido,7400.0,10.2,0,0,0,0,0,0,1,0,0,0,0,0,0,1,0,0,0,0,0,0,0,1,1,0,0,1,0,0,0,0,0
Desenvolvedor Backend,Pleno,MG,Remoto,8400.0,2.8,1,0,0,0,0,1,0,0,1,0,0,0,0,0,0,0,0,0,1,0,0,0,1,0,0,0,0,0,0,0,0
Engenheiro de Dados,Sênior,SP,Remoto,15000.0,10.0,0,1,0,0,1,0,0,0,0,0,0,0,0,0,0,0,0,0,1,0,0,0,1,0,1,0,0,0,0,0,0
DevOps / SRE,Júnior,RS,Híbrido,4600.0,1.3,0,0,1,0,0,1,0,0,0,0,0,0,1,1,0,0,0,0,0,0,0,0,0,0,0,0,0,0,0,1,0
DevOps / SRE,Sênior,SC,Presencial,14300.0,5.5,0,0,1,0,0,1,0,0,0,0,0,0,1,1,0,0,0,0,0,0,0,0,0,0,0,0,0,0,0,1,0
Desenvolvedor Mobile,Júnior,PR,Presencial,3600.0,0.0,1,0,0,0,0,0,0,1,0,0,0,1,0,0,0,0,0,0,0,0,1,0,0,0,0,0,1,0,0,0,0
Desenvolvedor Mobile,Pleno,SP,Presencial,8500.0,3.5,1,0,0,0,0,0,0,1,0,0,0,1,0,0,0,0,0,0,0,0,1,0,0,0,0,0,1,0,0,0,0
Desenvolvedor Backend,Sênior,RJ,Presencial,12500.0,13.4,1,0,0,0,0,1,0,0,1,0,0,0,0,0,0,0,0,0,1,0,0,0,1,0,0,0,0,0,0,0,0
Desenvolvedor Backend,Júnior,SP,Remoto,4100.0,0.0,1,0,0,0,0,1,0,0,1,0,0,0,0,0,0,0,0,0,1,0,0,0,1,0,0,0,0,0,0,0,0
DevOps / SRE,Júnior,SP,Híbrido,5500.0,0.6,0,0,1,0,0,1,0,0,0,0,0,0,1,1,0,0,0,0,0,0,0,0,0,0,0,0,0,0,0,1,0
Analista de TI,Sênior,PE,Híbrido,6300.0,6.0,0,0,0,0,0,0,1,0,0,0,0,0,0,1,0,0,0,0,0,0,0,1,1,0,0,1,0,0,0,0,0
Analista de TI,Sênior,SP,Remoto,5900.0,13.4,0,0,0,0,0,0,1,0,0,0,0,0,0,1,0,0,0,0,0,0,0,1,1,0,0,1,0,0,0,0,0
DevOps / SRE,Pleno,RJ,Presencial,8600.0,2.9,0,0,1,0,0,1,0,0,0,0,0,0,1,1,0,0,0,0,0,0,0,0,0,0,0,0,0,0,0,1,0
Desenvolvedor Mobile,Pleno,MG,Remoto,7700.0,3.3,1,0,0,0,0,0,0,1,0,0,0,1,0,0,0,0,0,0,0,0,1,0,0,0,0,0,1,0,0,0,0
Engenheiro de Dados,Pleno,RS,Presencial,10200.0,4.7,0,1,0,0,1,0,0,0,0,0,0,0,0,0,0,0,0,0,1,0,0,0,1,0,1,0,0,0,0,0,0
Desenvolvedor Backend,Júnior,MG,Híbrido,4200.0,0.2,1,0,0,0,0,1,0,0,1,0,0,0,0,0,0,0,0,0,1,0,0,0,1,0,0,0,0,0,0,0,0
Analista de Dados,Pleno,SP,Híbrido,6400.0,4.1,0,0,0,0,0,0,1,0,0,0,0,0,0,0,0,0,0,1,1,0,0,0,1,0,0,0,0,1,0,0,0
Desenvolvedor Frontend,Júnior,SP,Híbrido,2500.0,1.3,0,0,0,1,0,0,0,0,0,1,0,0,0,0,0,1,0,0,0,1,0,0,0,0,0,0,0,0,0,0,1
Analista de Dados,Sênior,RJ,Presencial,9800.0,12.0,0,0,0,0,0,0,1,0,0,0,0,0,0,0,0,0,0,1,1,0,0,0,1,0,0,0,0,1,0,0,0
Desenvolvedor Backend,Pleno,SP,Híbrido,8900.0,4.9,1,0,0,0,0,1,0,0,1,0,0,0,0,0,0,0,0,0,1,0,0,0,1,0,0,0,0,0,0,0,0
Desenvolvedor Frontend,Pleno,SP,Híbrido,8000.0,4.3,0,0,0,1,0,0,0,0,0,1,0,0,0,0,0,1,0,0,0,1,0,0,0,0,0,0,0,0,0,0,1
Engenheiro de Dados,Pleno,SP,Remoto,10100.0,2.9,0,1,0,0,1,0,0,0,0,0,0,0,0,0,0,0,0,0,1,0,0,0,1,0,1,0,0,0,0,0,0
Desenvolvedor Frontend,Sênior,SP,Híbrido,11300.0,6.1,0,0,0,1,0,0,0,0,0,1,0,0,0,0,0,1,0,0,0,1,0,0,0,0,0,0,0,0,0,0,1
Analista de Dados,Júnior,RJ,Remoto,3800.0,0.1,0,0,0,0,0,0,1,0,0,0,0,0,0,0,0,0,0,1,1,0,0,0,1,0,0,0,0,1,0,0,0
Analista de Dados,Pleno,SP,Híbrido,7400.0,3.1,0,0,0,0,0,0,1,0,0,0,0,0,0,0,0,0,0,1,1,0,0,0,1,0,0,0,0,1,0,0,0
DevOps / SRE,Pleno,MG,Híbrido,9500.0,3.3,0,0,1,0,0,1,0,0,0,0,0,0,1,1,0,0,0,0,0,0,0,0,0,0,0,0,0,0,0,1,0
Desenvolvedor Backend,Pleno,RS,Híbrido,8600.0,3.4,1,0,0,0,0,1,0,0,1,0,0,0,0,0,0,0,0,0,1,0,0,0,1,0,0,0,0,0,0,0,0
Analista de Dados,Júnior,PR,Remoto,3300.0,0.7,0,0,0,0,0,0,1,0,0,0,0,0,0,0,0,0,0,1,1,0,0,0,1,0,0,0,0,1,0,0,0
Desenvolvedor Frontend,Sênior,SP,Remoto,9400.0,5.5,0,0,0,1,0,0,0,0,0,1,0,0,0,0,0,1,0,0,0,1,0,0,0,0,0,0,0,0,0,0,1
DevOps / SRE,Sênior,SP,Híbrido,14200.0,13.2,0,0,1,0,0,1,0,0,0,0,0,0,1,1,0,0,0,0,0,0,0,0,0,0,0,0,0,0,0,1,0
Cientista de Dados,Pleno,SP,Remoto,10600.0,4.6,0,0,0,0,0,0,0,0,0,0,0,0,0,0,1,0,0,0,1,0,0,0,1,0,1,0,0,0,1,0,0
Desenvolvedor Frontend,Pleno,MG,Remoto,7500.0,3.4,0,0,0,1,0,0,0,0,0,1,0,0,0,0,0,1,0,0,0,1,0,0,0,0,0,0,0,0,0,0,1
Analista de Dados,Sênior,RS,Remoto,8600.0,13.8,0,0,0,0,0,0,1,0,0,0,0,0,0,0,0,0,0,1,1,0,0,0,1,0,0,0,0,1,0,0,0
Analista de Dados,Sênior,SP,Presencial,10800.0,11.1,0,0,0,0,0,0,1,0,0,0,0,0,0,0,0,0,0,1,1,0,0,0,1,0,0,0,0,1,0,0,0
Desenvolvedor Frontend,Júnior,DF,Híbrido,3000.0,0.6,0,0,0,1,0,0,0,0,0,1,0,0,0,0,0,1,0,0,0,1,0,0,0,0,0,0,0,0,0,0,1
Desenvolvedor Frontend,Pleno,SP,Remoto,7300.0,4.2,0,0,0,1,0,0,0,0,0,1,0,0,0,0,0,1,0,0,0,1,0,0,0,0,0,0,0,0,0,0,1
Desenvolvedor Frontend,Pleno,MG,Remoto,6200.0,2.9,0,0,0,1,0,0,0,0,0,1,0,0,0,0,0,1,0,0,0,1,0,0,0,0,0,0,0,0,0,0,1
Analista de TI,Pleno,RS,Remoto,3900.0,4.1,0,0,0,0,0,0,1,0,0,0,0,0,0,1,0,0,0,0,0,0,0,1,1,0,0,1,0,0,0,0,0
QA / Tester,Sênior,SC,Híbrido,9600.0,7.0,0,0,0,0,0,0,0,0,0,0,1,0,0,0,0,0,1,0,1,0,0,0,1,1,0,0,0,0,0,0,0
Desenvolvedor Backend,Sênior,RS,Híbrido,12500.0,8.7,1,0,0,0,0,1,0,0,1,0,0,0,0,0,0,0,0,0,1,0,0,0,1,0,0,0,0,0,0,0,0
Engenheiro de Dados,Sênior,PR,Remoto,17200.0,5.6,0,1,0,0,1,0,0,0,0,0,0,0,0,0,0,0,0,0,1,0,0,0,1,0,1,0,0,0,0,0,0
DevOps / SRE,Pleno,SP,Remoto,9500.0,2.8,0,0,1,0,0,1,0,0,0,0,0,0,1,1,0,0,0,0,0,0,0,0,0,0,0,0,0,0,0,1,0
Engenheiro de Dados,Júnior,PR,Remoto,4800.0,1.7,0,1,0,0,1,0,0,0,0,0,0,0,0,0,0,0,0,0,1,0,0,0,1,0,1,0,0,0,0,0,0
Desenvolvedor Backend,Sênior,SP,Híbrido,12600.0,9.9,1,0,0,0,0,1,0,0,1,0,0,0,0,0,0,0,0,0,1,0,0,0,1,0,0,0,0,0,0,0,0
Analista de Dados,Sênior,SC,Híbrido,8800.0,9.0,0,0,0,0,0,0,1,0,0,0,0,0,0,0,0,0,0,1,1,0,0,0,1,0,0,0,0,1,0,0,0
Analista de Dados,Júnior,MG,Remoto,4500.0,0.0,0,0,0,0,0,0,1,0,0,0,0,0,0,0,0,0,0,1,1,0,0,0,1,0,0,0,0,1,0,0,0
QA / Tester,Sênior,PR,Remoto,8800.0,9.6,0,0,0,0,0,0,0,0,0,0,1,0,0,0,0,0,1,0,1,0,0,0,1,1,0,0,0,0,0,0,0
DevOps / SRE,Sênior,RJ,Remoto,15000.0,11.8,0,0,1,0,0,1,0,0,0,0,0,0,1,1,0,0,0,0,0,0,0,0,0,0,0,0,0,0,0,1,0
Analista de TI,Pleno,MG,Presencial,4800.0,2.9,0,0,0,0,0,0,1,0,0,0,0,0,0,1,0,0,0,0,0,0,0,1,1,0,0,1,0,0,0,0,0
Desenvolvedor Backend,Pleno,RJ,Remoto,8700.0,3.6,1,0,0,0,0,1,0,0,1,0,0,0,0,0,0,0,0,0,1,0,0,0,1,0,0,0,0,0,0,0,0
Cientista de Dados,Pleno,RS,Híbrido,9800.0,4.9,0,0,0,0,0,0,0,0,0,0,0,0,0,0,1,0,0,0,1,0,0,0,1,0,1,0,0,0,1,0,0
Cientista de Dados,Júnior,SP,Híbrido,5400.0,0.2,0,0,0,0,0,0,0,0,0,0,0,0,0,0,1,0,0,0,1,0,0,0,1,0,1,0,0,0,1,0,0
Engenheiro de Dados,Pleno,SP,Remoto,10700.0,2.8,0,1,0,0,1,0,0,0,0,0,0,0,0,0,0,0,0,0,1,0,0,0,1,0,1,0,0,0,0,0,0
Desenvolvedor Frontend,Sênior,SP,Remoto,11100.0,8.5,0,0,0,1,0,0,0,0,0,1,0,0,0,0,0,1,0,0,0,1,0,0,0,0,0,0,0,0,0,0,1
Analista de TI,Júnior,SP,Remoto,3000.0,0.7,0,0,0,0,0,0,1,0,0,0,0,0,0,1,0,0,0,0,0,0,0,1,1,0,0,1,0,0,0,0,0
Analista de TI,Pleno,SC,Híbrido,4600.0,4.5,0,0,0,0,0,0,1,0,0,0,0,0,0,1,0,0,0,0,0,0,0,1,1,0,0,1,0,0,0,0,0
Engenheiro de Dados,Pleno,SP,Híbrido,10100.0,2.1,0,1,0,0,1,0,0,0,0,0,0,0,0,0,0,0,0,0,1,0,0,0,1,0,1,0,0,0,0,0,0
QA / Tester,Pleno,BA,Híbrido,5100.0,4.3,0,0,0,0,0,0,0,0,0,0,1,0,0,0,0,0,1,0,1,0,0,0,1,1,0,0,0,0,0,0,0
Analista de TI,Sênior,SP,Híbrido,7200.0,9.6,0,0,0,0,0,0,1,0,0,0,0,0,0,1,0,0,0,0,0,0,0,1,1,0,0,1,0,0,0,0,0
Desenvolvedor Frontend,Pleno,SP,Remoto,5700.0,2.2,0,0,0,1,0,0,0,0,0,1,0,0,0,0,0,1,0,0,0,1,0,0,0,0,0,0,0,0,0,0,1
Desenvolvedor Frontend,Pleno,PR,Presencial,6300.0,2.7,0,0,0,1,0,0,0,0,0,1,0,0,0,0,0,1,0,0,0,1,0,0,0,0,0,0,0,0,0,0,1
Desenvolvedor Backend,Sênior,MG,Presencial,12800.0,12.5,1,0,0,0,0,1,0,0,1,0,0,0,0,0,0,0,0,0,1,0,0,0,1,0,0,0,0,0,0,0,0
Engenheiro de Dados,Pleno,RJ,Remoto,8000.0,3.4,0,1,0,0,1,0,0,0,0,0,0,0,0,0,0,0,0,0,1,0,0,0,1,0,1,0,0,0,0,0,0
Desenvolvedor Backend,Júnior,MG,Presencial,4000.0,1.9,1,0,0,0,0,1,0,0,1,0,0,0,0,0,0,0,0,0,1,0,0,0,1,0,0,0,0,0,0,0,0
Analista de TI,Pleno,RS,Híbrido,4600.0,2.2,0,0,0,0,0,0,1,0,0,0,0,0,0,1,0,0,0,0,0,0,0,1,1,0,0,1,0,0,0,0,0
Analista de Dados,Júnior,SP,Híbrido,3000.0,0.4,0,0,0,0,0,0,1,0,0,0,0,0,0,0,0,0,0,1,1,0,0,0,1,0,0,0,0,1,0,0,0
Analista de Dados,Júnior,PE,Híbrido,3200.0,0.3,0,0,0,0,0,0,1,0,0,0,0,0,0,0,0,0,0,1,1,0,0,0,1,0,0,0,0,1,0,0,0
Analista de Dados,Pleno,BA,Presencial,7500.0,3.7,0,0,0,0,0,0,1,0,0,0,0,0,0,0,0,0,0,1,1,0,0,0,1,0,0,0,0,1,0,0,0
Analista de Dados,Pleno,MG,Híbrido,6900.0,2.4,0,0,0,0,0,0,1,0,0,0,0,0,0,0,0,0,0,1,1,0,0,0,1,0,0,0,0,1,0,0,0
Desenvolvedor Mobile,Sênior,SP,Remoto,12700.0,8.9,1,0,0,0,0,0,0,1,0,0,0,1,0,0,0,0,0,0,0,0,1,0,0,0,0,0,1,0,0,0,0
Analista de TI,Pleno,RS,Remoto,5100.0,4.0,0,0,0,0,0,0,1,0,0,0,0,0,0,1,0,0,0,0,0,0,0,1,1,0,0,1,0,0,0,0,0
Desenvolvedor Backend,Pleno,SP,Presencial,7200.0,4.8,1,0,0,0,0,1,0,0,1,0,0,0,0,0,0,0,0,0,1,0,0,0,1,0,0,0,0,0,0,0,0
Analista de Dados,Pleno,SP,Remoto,5500.0,2.9,0,0,0,0,0,0,1,0,0,0,0,0,0,0,0,0,0,1,1,0,0,0,1,0,0,0,0,1,0,0,0
Desenvolvedor Backend,Júnior,SP,Remoto,4500.0,1.4,1,0,0,0,0,1,0,0,1,0,0,0,0,0,0,0,0,0,1,0,0,0,1,0,0,0,0,0,0,0,0
Desenvolvedor Backend,Pleno,RJ,Híbrido,7900.0,2.2,1,0,0,0,0,1,0,0,1,0,0,0,0,0,0,0,0,0,1,0,0,0,1,0,0,0,0,0,0,0,0
Cientista de Dados,Júnior,SC,Híbrido,4500.0,0.3,0,0,0,0,0,0,0,0,0,0,0,0,0,0,1,0,0,0,1,0,0,0,1,0,1,0,0,0,1,0,0
Desenvolvedor Backend,Sênior,RS,Híbrido,16300.0,14.6,1,0,0,0,0,1,0,0,1,0,0,0,0,0,0,0,0,0,1,0,0,0,1,0,0,0,0,0,0,0,0
Desenvolvedor Backend,Júnior,RS,Presencial,3200.0,1.0,1,0,0,0,0,1,0,0,1,0,0,0,0,0,0,0,0,0,1,0,0,0,1,0,0,0,0,0,0,0,0
Desenvolvedor Frontend,Pleno,RJ,Remoto,7200.0,4.0,0,0,0,1,0,0,0,0,0,1,0,0,0,0,0,1,0,0,0,1,0,0,0,0,0,0,0,0,0,0,1
Desenvolvedor Frontend,Júnior,SP,Remoto,3400.0,1.6,0,0,0,1,0,0,0,0,0,1,0,0,0,0,0,1,0,0,0,1,0,0,0,0,0,0,0,0,0,0,1
Analista de Dados,Sênior,SP,Remoto,9600.0,9.6,0,0,0,0,0,0,1,0,0,0,0,0,0,0,0,0,0,1,1,0,0,0,1,0,0,0,0,1,0,0,0
Desenvolvedor Backend,Pleno,PE,Presencial,5900.0,2.1,1,0,0,0,0,1,0,0,1,0,0,0,0,0,0,0,0,0,1,0,0,0,1,0,0,0,0,0,0,0,0
Desenvolvedor Frontend,Pleno,SP,Híbrido,8300.0,2.5,0,0,0,1,0,0,0,0,0,1,0,0,0,0,0,1,0,0,0,1,0,0,0,0,0,0,0,0,0,0,1
Desenvolvedor Backend,Júnior,SC,Remoto,3300.0,0.1,1,0,0,0,0,1,0,0,1,0,0,0,0,0,0,0,0,0,1,0,0,0,1,0,0,0,0,0,0,0,0
Desenvolvedor Mobile,Sênior,MG,Presencial,11600.0,13.4,1,0,0,0,0,0,0,1,0,0,0,1,0,0,0,0,0,0,0,0,1,0,0,0,0,0,1,0,0,0,0
Analista de TI,Júnior,RJ,Presencial,2400.0,1.9,0,0,0,0,0,0,1,0,0,0,0,0,0,1,0,0,0,0,0,0,0,1,1,0,0,1,0,0,0,0,0
Cientista de Dados,Sênior,RS,Presencial,16100.0,7.0,0,0,0,0,0,0,0,0,0,0,0,0,0,0,1,0,0,0,1,0,0,0,1,0,1,0,0,0,1,0,0
Analista de Dados,Júnior,RJ,Presencial,2800.0,0.9,0,0,0,0,0,0,1,0,0,0,0,0,0,0,0,0,0,1,1,0,0,0,1,0,0,0,0,1,0,0,0
Analista de TI,Júnior,SC,Remoto,2600.0,1.2,0,0,0,0,0,0,1,0,0,0,0,0,0,1,0,0,0,0,0,0,0,1,1,0,0,1,0,0,0,0,0
Analista de Dados,Júnior,DF,Híbrido,3600.0,2.0,0,0,0,0,0,0,1,0,0,0,0,0,0,0,0,0,0,1,1,0,0,0,1,0,0,0,0,1,0,0,0
Desenvolvedor Frontend,Pleno,RJ,Híbrido,6400.0,2.6,0,0,0,1,0,0,0,0,0,1,0,0,0,0,0,1,0,0,0,1,0,0,0,0,0,0,0,0,0,0,1
QA / Tester,Pleno,SP,Presencial,5300.0,4.3,0,0,0,0,0,0,0,0,0,0,1,0,0,0,0,0,1,0,1,0,0,0,1,1,0,0,0,0,0,0,0
Desenvolvedor Frontend,Júnior,MG,Híbrido,3500.0,0.3,0,0,0,1,0,0,0,0,0,1,0,0,0,0,0,1,0,0,0,1,0,0,0,0,0,0,0,0,0,0,1
Desenvolvedor Backend,Sênior,DF,Híbrido,15800.0,7.5,1,0,0,0,0,1,0,0,1,0,0,0,0,0,0,0,0,0,1,0,0,0,1,0,0,0,0,0,0,0,0
Analista de TI,Pleno,SP,Híbrido,4400.0,3.9,0,0,0,0,0,0,1,0,0,0,0,0,0,1,0,0,0,0,0,0,0,1,1,0,0,1,0,0,0,0,0
Desenvolvedor Backend,Pleno,MG,Remoto,7100.0,3.7,1,0,0,0,0,1,0,0,1,0,0,0,0,0,0,0,0,0,1,0,0,0,1,0,0,0,0,0,0,0,0
Desenvolvedor Frontend,Pleno,MG,Híbrido,7400.0,4.3,0,0,0,1,0,0,0,0,0,1,0,0,0,0,0,1,0,0,0,1,0,0,0,0,0,0,0,0,0,0,1
QA / Tester,Pleno,RS,Presencial,4800.0,2.0,0,0,0,0,0,0,0,0,0,0,1,0,0,0,0,0,1,0,1,0,0,0,1,1,0,0,0,0,0,0,0
Desenvolvedor Backend,Pleno,SP,Presencial,8000.0,3.1,1,0,0,0,0,1,0,0,1,0,0,0,0,0,0,0,0,0,1,0,0,0,1,0,0,0,0,0,0,0,0
QA / Tester,Júnior,RS,Remoto,2400.0,0.6,0,0,0,0,0,0,0,0,0,0,1,0,0,0,0,0,1,0,1,0,0,0,1,1,0,0,0,0,0,0,0
Desenvolvedor Mobile,Júnior,DF,Remoto,4300.0,1.7,1,0,0,0,0,0,0,1,0,0,0,1,0,0,0,0,0,0,0,0,1,0,0,0,0,0,1,0,0,0,0
Cientista de Dados,Sênior,SP,Remoto,14200.0,9.3,0,0,0,0,0,0,0,0,0,0,0,0,0,0,1,0,0,0,1,0,0,0,1,0,1,0,0,0,1,0,0
Analista de Dados,Sênior,SP,Híbrido,10300.0,5.3,0,0,0,0,0,0,1,0,0,0,0,0,0,0,0,0,0,1,1,0,0,0,1,0,0,0,0,1,0,0,0
Analista de Dados,Pleno,BA,Presencial,8100.0,2.4,0,0,0,0,0,0,1,0,0,0,0,0,0,0,0,0,0,1,1,0,0,0,1,0,0,0,0,1,0,0,0
Analista de Dados,Júnior,SP,Remoto,3400.0,0.6,0,0,0,0,0,0,1,0,0,0,0,0,0,0,0,0,0,1,1,0,0,0,1,0,0,0,0,1,0,0,0
Analista de Dados,Pleno,SC,Híbrido,7100.0,5.0,0,0,0,0,0,0,1,0,0,0,0,0,0,0,0,0,0,1,1,0,0,0,1,0,0,0,0,1,0,0,0
Analista de TI,Pleno,RJ,Presencial,4400.0,2.1,0,0,0,0,0,0,1,0,0,0,0,0,0,1,0,0,0,0,0,0,0,1,1,0,0,1,0,0,0,0,0
Analista de Dados,Júnior,SP,Híbrido,3200.0,0.8,0,0,0,0,0,0,1,0,0,0,0,0,0,0,0,0,0,1,1,0,0,0,1,0,0,0,0,1,0,0,0
Engenheiro de Dados,Júnior,SC,Híbrido,6400.0,1.5,0,1,0,0,1,0,0,0,0,0,0,0,0,0,0,0,0,0,1,0,0,0,1,0,1,0,0,0,0,0,0
Desenvolvedor Mobile,Sênior,RJ,Híbrido,9300.0,12.9,1,0,0,0,0,0,0,1,0,0,0,1,0,0,0,0,0,0,0,0,1,0,0,0,0,0,1,0,0,0,0
Analista de Dados,Pleno,RJ,Híbrido,7300.0,2.8,0,0,0,0,0,0,1,0,0,0,0,0,0,0,0,0,0,1,1,0,0,0,1,0,0,0,0,1,0,0,0
DevOps / SRE,Júnior,SP,Remoto,3800.0,1.3,0,0,1,0,0,1,0,0,0,0,0,0,1,1,0,0,0,0,0,0,0,0,0,0,0,0,0,0,0,1,0
Engenheiro de Dados,Júnior,MG,Híbrido,6100.0,0.5,0,1,0,0,1,0,0,0,0,0,0,0,0,0,0,0,0,0,1,0,0,0,1,0,1,0,0,0,0,0,0
Analista de Dados,Júnior,SP,Híbrido,3500.0,0.4,0,0,0,0,0,0,1,0,0,0,0,0,0,0,0,0,0,1,1,0,0,0,1,0,0,0,0,1,0,0,0
Analista de TI,Pleno,RJ,Presencial,4000.0,2.1,0,0,0,0,0,0,1,0,0,0,0,0,0,1,0,0,0,0,0,0,0,1,1,0,0,1,0,0,0,0,0
Desenvolvedor Frontend,Júnior,BA,Híbrido,3300.0,1.9,0,0,0,1,0,0,0,0,0,1,0,0,0,0,0,1,0,0,0,1,0,0,0,0,0,0,0,0,0,0,1
Desenvolvedor Mobile,Júnior,SP,Híbrido,4300.0,1.2,1,0,0,0,0,0,0,1,0,0,0,1,0,0,0,0,0,0,0,0,1,0,0,0,0,0,1,0,0,0,0
Analista de TI,Sênior,MG,Remoto,8700.0,10.2,0,0,0,0,0,0,1,0,0,0,0,0,0,1,0,0,0,0,0,0,0,1,1,0,0,1,0,0,0,0,0
DevOps / SRE,Júnior,SP,Híbrido,4100.0,1.5,0,0,1,0,0,1,0,0,0,0,0,0,1,1,0,0,0,0,0,0,0,0,0,0,0,0,0,0,0,1,0
Engenheiro de Dados,Pleno,PR,Remoto,8900.0,4.7,0,1,0,0,1,0,0,0,0,0,0,0,0,0,0,0,0,0,1,0,0,0,1,0,1,0,0,0,0,0,0
Cientista de Dados,Júnior,SP,Remoto,4200.0,1.9,0,0,0,0,0,0,0,0,0,0,0,0,0,0,1,0,0,0,1,0,0,0,1,0,1,0,0,0,1,0,0
Analista de TI,Júnior,BA,Híbrido,2400.0,1.6,0,0,0,0,0,0,1,0,0,0,0,0,0,1,0,0,0,0,0,0,0,1,1,0,0,1,0,0,0,0,0
DevOps / SRE,Júnior,RJ,Presencial,5600.0,1.0,0,0,1,0,0,1,0,0,0,0,0,0,1,1,0,0,0,0,0,0,0,0,0,0,0,0,0,0,0,1,0
QA / Tester,Sênior,SP,Remoto,6600.0,10.9,0,0,0,0,0,0,0,0,0,0,1,0,0,0,0,0,1,0,1,0,0,0,1,1,0,0,0,0,0,0,0
Desenvolvedor Backend,Sênior,SP,Híbrido,13000.0,6.9,1,0,0,0,0,1,0,0,1,0,0,0,0,0,0,0,0,0,1,0,0,0,1,0,0,0,0,0,0,0,0
Desenvolvedor Backend,Sênior,SP,Presencial,14400.0,7.1,1,0,0,0,0,1,0,0,1,0,0,0,0,0,0,0,0,0,1,0,0,0,1,0,0,0,0,0,0,0,0
DevOps / SRE,Pleno,RJ,Remoto,9000.0,2.2,0,0,1,0,0,1,0,0,0,0,0,0,1,1,0,0,0,0,0,0,0,0,0,0,0,0,0,0,0,1,0
Desenvolvedor Backend,Pleno,SP,Híbrido,5500.0,4.4,1,0,0,0,0,1,0,0,1,0,0,0,0,0,0,0,0,0,1,0,0,0,1,0,0,0,0,0,0,0,0
QA / Tester,Júnior,PR,Híbrido,2900.0,1.7,0,0,0,0,0,0,0,0,0,0,1,0,0,0,0,0,1,0,1,0,0,0,1,1,0,0,0,0,0,0,0
Desenvolvedor Mobile,Júnior,RJ,Híbrido,4600.0,1.5,1,0,0,0,0,0,0,1,0,0,0,1,0,0,0,0,0,0,0,0,1,0,0,0,0,0,1,0,0,0,0
Desenvolvedor Backend,Sênior,SP,Remoto,11300.0,11.5,1,0,0,0,0,1,0,0,1,0,0,0,0,0,0,0,0,0,1,0,0,0,1,0,0,0,0,0,0,0,0
Analista de TI,Júnior,MG,Remoto,2000.0,0.9,0,0,0,0,0,0,1,0,0,0,0,0,0,1,0,0,0,0,0,0,0,1,1,0,0,1,0,0,0,0,0
Analista de TI,Júnior,RS,Presencial,2600.0,0.1,0,0,0,0,0,0,1,0,0,0,0,0,0,1,0,0,0,0,0,0,0,1,1,0,0,1,0,0,0,0,0
Analista de Dados,Júnior,SP,Híbrido,3600.0,0.0,0,0,0,0,0,0,1,0,0,0,0,0,0,0,0,0,0,1,1,0,0,0,1,0,0,0,0,1,0,0,0
Desenvolvedor Mobile,Júnior,SP,Remoto,3800.0,0.8,1,0,0,0,0,0,0,1,0,0,0,1,0,0,0,0,0,0,0,0,1,0,0,0,0,0,1,0,0,0,0
Desenvolvedor Backend,Júnior,SP,Híbrido,3700.0,1.9,1,0,0,0,0,1,0,0,1,0,0,0,0,0,0,0,0,0,1,0,0,0,1,0,0,0,0,0,0,0,0
DevOps / SRE,Pleno,RS,Remoto,9500.0,2.7,0,0,1,0,0,1,0,0,0,0,0,0,1,1,0,0,0,0,0,0,0,0,0,0,0,0,0,0,0,1,0
Engenheiro de Dados,Pleno,RS,Híbrido,8700.0,2.7,0,1,0,0,1,0,0,0,0,0,0,0,0,0,0,0,0,0,1,0,0,0,1,0,1,0,0,0,0,0,0
Desenvolvedor Mobile,Sênior,RJ,Remoto,10400.0,5.0,1,0,0,0,0,0,0,1,0,0,0,1,0,0,0,0,0,0,0,0,1,0,0,0,0,0,1,0,0,0,0
Desenvolvedor Backend,Sênior,SC,Presencial,14100.0,12.4,1,0,0,0,0,1,0,0,1,0,0,0,0,0,0,0,0,0,1,0,0,0,1,0,0,0,0,0,0,0,0
Analista de Dados,Pleno,PR,Remoto,5600.0,4.5,0,0,0,0,0,0,1,0,0,0,0,0,0,0,0,0,0,1,1,0,0,0,1,0,0,0,0,1,0,0,0
Desenvolvedor Mobile,Júnior,MG,Remoto,3200.0,0.7,1,0,0,0,0,0,0,1,0,0,0,1,0,0,0,0,0,0,0,0,1,0,0,0,0,0,1,0,0,0,0
Analista de Dados,Pleno,SC,Remoto,6000.0,4.1,0,0,0,0,0,0,1,0,0,0,0,0,0,0,0,0,0,1,1,0,0,0,1,0,0,0,0,1,0,0,0
Engenheiro de Dados,Pleno,SP,Remoto,9400.0,3.1,0,1,0,0,1,0,0,0,0,0,0,0,0,0,0,0,0,0,1,0,0,0,1,0,1,0,0,0,0,0,0
QA / Tester,Júnior,SP,Presencial,3000.0,1.8,0,0,0,0,0,0,0,0,0,0,1,0,0,0,0,0,1,0,1,0,0,0,1,1,0,0,0,0,0,0,0
QA / Tester,Pleno,SP,Presencial,4600.0,3.8,0,0,0,0,0,0,0,0,0,0,1,0,0,0,0,0,1,0,1,0,0,0,1,1,0,0,0,0,0,0,0
Desenvolvedor Frontend,Pleno,SP,Remoto,8200.0,4.0,0,0,0,1,0,0,0,0,0,1,0,0,0,0,0,1,0,0,0,1,0,0,0,0,0,0,0,0,0,0,1
Desenvolvedor Frontend,Pleno,RJ,Híbrido,7100.0,4.1,0,0,0,1,0,0,0,0,0,1,0,0,0,0,0,1,0,0,0,1,0,0,0,0,0,0,0,0,0,0,1
Desenvolvedor Backend,Pleno,DF,Híbrido,7200.0,2.5,1,0,0,0,0,1,0,0,1,0,0,0,0,0,0,0,0,0,1,0,0,0,1,0,0,0,0,0,0,0,0
Engenheiro de Dados,Júnior,SP,Presencial,5800.0,1.9,0,1,0,0,1,0,0,0,0,0,0,0,0,0,0,0,0,0,1,0,0,0,1,0,1,0,0,0,0,0,0
Engenheiro de Dados,Sênior,SP,Híbrido,18700.0,5.4,0,1,0,0,1,0,0,0,0,0,0,0,0,0,0,0,0,0,1,0,0,0,1,0,1,0,0,0,0,0,0
Analista de TI,Sênior,RJ,Remoto,7500.0,8.0,0,0,0,0,0,0,1,0,0,0,0,0,0,1,0,0,0,0,0,0,0,1,1,0,0,1,0,0,0,0,0
Analista de TI,Júnior,DF,Híbrido,2000.0,1.4,0,0,0,0,0,0,1,0,0,0,0,0,0,1,0,0,0,0,0,0,0,1,1,0,0,1,0,0,0,0,0
DevOps / SRE,Sênior,SP,Híbrido,14300.0,10.1,0,0,1,0,0,1,0,0,0,0,0,0,1,1,0,0,0,0,0,0,0,0,0,0,0,0,0,0,0,1,0
DevOps / SRE,Pleno,RJ,Remoto,9800.0,3.5,0,0,1,0,0,1,0,0,0,0,0,0,1,1,0,0,0,0,0,0,0,0,0,0,0,0,0,0,0,1,0
Analista de Dados,Sênior,SP,Híbrido,10700.0,13.3,0,0,0,0,0,0,1,0,0,0,0,0,0,0,0,0,0,1,1,0,0,0,1,0,0,0,0,1,0,0,0
Desenvolvedor Backend,Sênior,SP,Remoto,12700.0,12.0,1,0,0,0,0,1,0,0,1,0,0,0,0,0,0,0,0,0,1,0,0,0,1,0,0,0,0,0,0,0,0
Analista de Dados,Pleno,PE,Presencial,6200.0,4.8,0,0,0,0,0,0,1,0,0,0,0,0,0,0,0,0,0,1,1,0,0,0,1,0,0,0,0,1,0,0,0
Desenvolvedor Frontend,Júnior,BA,Remoto,4300.0,1.4,0,0,0,1,0,0,0,0,0,1,0,0,0,0,0,1,0,0,0,1,0,0,0,0,0,0,0,0,0,0,1
Desenvolvedor Backend,Júnior,SP,Híbrido,4300.0,0.5,1,0,0,0,0,1,0,0,1,0,0,0,0,0,0,0,0,0,1,0,0,0,1,0,0,0,0,0,0,0,0
Desenvolvedor Mobile,Pleno,BA,Híbrido,7900.0,4.4,1,0,0,0,0,0,0,1,0,0,0,1,0,0,0,0,0,0,0,0,1,0,0,0,0,0,1,0,0,0,0
Desenvolvedor Backend,Pleno,MG,Híbrido,7500.0,3.0,1,0,0,0,0,1,0,0,1,0,0,0,0,0,0,0,0,0,1,0,0,0,1,0,0,0,0,0,0,0,0
Analista de Dados,Júnior,SC,Remoto,3000.0,2.0,0,0,0,0,0,0,1,0,0,0,0,0,0,0,0,0,0,1,1,0,0,0,1,0,0,0,0,1,0,0,0
Cientista de Dados,Júnior,RJ,Híbrido,5300.0,1.5,0,0,0,0,0,0,0,0,0,0,0,0,0,0,1,0,0,0,1,0,0,0,1,0,1,0,0,0,1,0,0
DevOps / SRE,Sênior,RJ,Híbrido,16400.0,10.6,0,0,1,0,0,1,0,0,0,0,0,0,1,1,0,0,0,0,0,0,0,0,0,0,0,0,0,0,0,1,0
Desenvolvedor Frontend,Sênior,RJ,Híbrido,11000.0,8.8,0,0,0,1,0,0,0,0,0,1,0,0,0,0,0,1,0,0,0,1,0,0,0,0,0,0,0,0,0,0,1
Analista de Dados,Pleno,RS,Híbrido,7000.0,2.5,0,0,0,0,0,0,1,0,0,0,0,0,0,0,0,0,0,1,1,0,0,0,1,0,0,0,0,1,0,0,0
Analista de Dados,Júnior,SP,Híbrido,3800.0,0.8,0,0,0,0,0,0,1,0,0,0,0,0,0,0,0,0,0,1,1,0,0,0,1,0,0,0,0,1,0,0,0
Analista de TI,Júnior,SP,Presencial,2800.0,0.1,0,0,0,0,0,0,1,0,0,0,0,0,0,1,0,0,0,0,0,0,0,1,1,0,0,1,0,0,0,0,0
Analista de Dados,Júnior,SP,Remoto,2900.0,1.4,0,0,0,0,0,0,1,0,0,0,0,0,0,0,0,0,0,1,1,0,0,0,1,0,0,0,0,1,0,0,0
DevOps / SRE,Sênior,RS,Presencial,14400.0,13.2,0,0,1,0,0,1,0,0,0,0,0,0,1,1,0,0,0,0,0,0,0,0,0,0,0,0,0,0,0,1,0
Analista de TI,Júnior,SP,Híbrido,2700.0,0.1,0,0,0,0,0,0,1,0,0,0,0,0,0,1,0,0,0,0,0,0,0,1,1,0,0,1,0,0,0,0,0
Analista de Dados,Pleno,RS,Remoto,6500.0,3.5,0,0,0,0,0,0,1,0,0,0,0,0,0,0,0,0,0,1,1,0,0,0,1,0,0,0,0,1,0,0,0
Analista de Dados,Júnior,BA,Remoto,3800.0,0.4,0,0,0,0,0,0,1,0,0,0,0,0,0,0,0,0,0,1,1,0,0,0,1,0,0,0,0,1,0,0,0
QA / Tester,Pleno,SP,Remoto,5300.0,4.4,0,0,0,0,0,0,0,0,0,0,1,0,0,0,0,0,1,0,1,0,0,0,1,1,0,0,0,0,0,0,0
Desenvolvedor Backend,Pleno,RS,Presencial,5900.0,2.4,1,0,0,0,0,1,0,0,1,0,0,0,0,0,0,0,0,0,1,0,0,0,1,0,0,0,0,0,0,0,0
Desenvolvedor Backend,Sênior,RJ,Híbrido,14700.0,13.7,1,0,0,0,0,1,0,0,1,0,0,0,0,0,0,0,0,0,1,0,0,0,1,0,0,0,0,0,0,0,0
DevOps / SRE,Júnior,SC,Presencial,4700.0,0.6,0,0,1,0,0,1,0,0,0,0,0,0,1,1,0,0,0,0,0,0,0,0,0,0,0,0,0,0,0,1,0
QA / Tester,Júnior,SP,Híbrido,2500.0,1.7,0,0,0,0,0,0,0,0,0,0,1,0,0,0,0,0,1,0,1,0,0,0,1,1,0,0,0,0,0,0,0
QA / Tester,Júnior,RS,Híbrido,3200.0,0.5,0,0,0,0,0,0,0,0,0,0,1,0,0,0,0,0,1,0,1,0,0,0,1,1,0,0,0,0,0,0,0
Analista de TI,Sênior,SC,Remoto,7500.0,11.2,0,0,0,0,0,0,1,0,0,0,0,0,0,1,0,0,0,0,0,0,0,1,1,0,0,1,0,0,0,0,0
Desenvolvedor Backend,Sênior,DF,Remoto,14900.0,14.1,1,0,0,0,0,1,0,0,1,0,0,0,0,0,0,0,0,0,1,0,0,0,1,0,0,0,0,0,0,0,0
Analista de Dados,Pleno,RS,Híbrido,6700.0,2.0,0,0,0,0,0,0,1,0,0,0,0,0,0,0,0,0,0,1,1,0,0,0,1,0,0,0,0,1,0,0,0
DevOps / SRE,Pleno,RJ,Remoto,9100.0,3.6,0,0,1,0,0,1,0,0,0,0,0,0,1,1,0,0,0,0,0,0,0,0,0,0,0,0,0,0,0,1,0
Desenvolvedor Frontend,Pleno,MG,Remoto,7100.0,2.9,0,0,0,1,0,0,0,0,0,1,0,0,0,0,0,1,0,0,0,1,0,0,0,0,0,0,0,0,0,0,1
Desenvolvedor Backend,Júnior,SC,Híbrido,3500.0,1.2,1,0,0,0,0,1,0,0,1,0,0,0,0,0,0,0,0,0,1,0,0,0,1,0,0,0,0,0,0,0,0
Desenvolvedor Mobile,Sênior,MG,Híbrido,10100.0,8.3,1,0,0,0,0,0,0,1,0,0,0,1,0,0,0,0,0,0,0,0,1,0,0,0,0,0,1,0,0,0,0
Analista de Dados,Pleno,SP,Presencial,6000.0,2.2,0,0,0,0,0,0,1,0,0,0,0,0,0,0,0,0,0,1,1,0,0,0,1,0,0,0,0,1,0,0,0
Desenvolvedor Backend,Pleno,DF,Presencial,9500.0,4.4,1,0,0,0,0,1,0,0,1,0,0,0,0,0,0,0,0,0,1,0,0,0,1,0,0,0,0,0,0,0,0
Analista de Dados,Pleno,RS,Híbrido,6100.0,4.1,0,0,0,0,0,0,1,0,0,0,0,0,0,0,0,0,0,1,1,0,0,0,1,0,0,0,0,1,0,0,0
Desenvolvedor Backend,Júnior,RS,Híbrido,3200.0,0.7,1,0,0,0,0,1,0,0,1,0,0,0,0,0,0,0,0,0,1,0,0,0,1,0,0,0,0,0,0,0,0
Analista de Dados,Júnior,SP,Híbrido,3400.0,1.9,0,0,0,0,0,0,1,0,0,0,0,0,0,0,0,0,0,1,1,0,0,0,1,0,0,0,0,1,0,0,0
Analista de Dados,Sênior,MG,Presencial,9300.0,11.4,0,0,0,0,0,0,1,0,0,0,0,0,0,0,0,0,0,1,1,0,0,0,1,0,0,0,0,1,0,0,0
Analista de Dados,Júnior,RJ,Remoto,4000.0,0.4,0,0,0,0,0,0,1,0,0,0,0,0,0,0,0,0,0,1,1,0,0,0,1,0,0,0,0,1,0,0,0
Analista de TI,Pleno,MG,Híbrido,5300.0,3.3,0,0,0,0,0,0,1,0,0,0,0,0,0,1,0,0,0,0,0,0,0,1,1,0,0,1,0,0,0,0,0
Analista de TI,Júnior,SP,Presencial,2400.0,0.6,0,0,0,0,0,0,1,0,0,0,0,0,0,1,0,0,0,0,0,0,0,1,1,0,0,1,0,0,0,0,0
Desenvolvedor Frontend,Pleno,MG,Remoto,7200.0,2.8,0,0,0,1,0,0,0,0,0,1,0,0,0,0,0,1,0,0,0,1,0,0,0,0,0,0,0,0,0,0,1
QA / Tester,Júnior,PE,Híbrido,2900.0,0.1,0,0,0,0,0,0,0,0,0,0,1,0,0,0,0,0,1,0,1,0,0,0,1,1,0,0,0,0,0,0,0
Desenvolvedor Backend,Pleno,SP,Híbrido,8000.0,3.6,1,0,0,0,0,1,0,0,1,0,0,0,0,0,0,0,0,0,1,0,0,0,1,0,0,0,0,0,0,0,0
Engenheiro de Dados,Sênior,BA,Remoto,15600.0,12.4,0,1,0,0,1,0,0,0,0,0,0,0,0,0,0,0,0,0,1,0,0,0,1,0,1,0,0,0,0,0,0
Desenvolvedor Mobile,Júnior,RJ,Remoto,3600.0,1.4,1,0,0,0,0,0,0,1,0,0,0,1,0,0,0,0,0,0,0,0,1,0,0,0,0,0,1,0,0,0,0
Cientista de Dados,Pleno,SC,Remoto,7000.0,3.2,0,0,0,0,0,0,0,0,0,0,0,0,0,0,1,0,0,0,1,0,0,0,1,0,1,0,0,0,1,0,0
QA / Tester,Pleno,PR,Remoto,4400.0,2.8,0,0,0,0,0,0,0,0,0,0,1,0,0,0,0,0,1,0,1,0,0,0,1,1,0,0,0,0,0,0,0
Analista de Dados,Pleno,MG,Remoto,6400.0,2.8,0,0,0,0,0,0,1,0,0,0,0,0,0,0,0,0,0,1,1,0,0,0,1,0,0,0,0,1,0,0,0
QA / Tester,Sênior,RS,Presencial,6600.0,7.9,0,0,0,0,0,0,0,0,0,0,1,0,0,0,0,0,1,0,1,0,0,0,1,1,0,0,0,0,0,0,0
Analista de Dados,Sênior,SC,Remoto,10200.0,11.0,0,0,0,0,0,0,1,0,0,0,0,0,0,0,0,0,0,1,1,0,0,0,1,0,0,0,0,1,0,0,0
Desenvolvedor Mobile,Júnior,RJ,Híbrido,4000.0,0.2,1,0,0,0,0,0,0,1,0,0,0,1,0,0,0,0,0,0,0,0,1,0,0,0,0,0,1,0,0,0,0
Desenvolvedor Frontend,Júnior,SP,Remoto,3300.0,1.2,0,0,0,1,0,0,0,0,0,1,0,0,0,0,0,1,0,0,0,1,0,0,0,0,0,0,0,0,0,0,1
QA / Tester,Júnior,RS,Presencial,2700.0,1.2,0,0,0,0,0,0,0,0,0,0,1,0,0,0,0,0,1,0,1,0,0,0,1,1,0,0,0,0,0,0,0
Analista de Dados,Pleno,PR,Remoto,5500.0,2.0,0,0,0,0,0,0,1,0,0,0,0,0,0,0,0,0,0,1,1,0,0,0,1,0,0,0,0,1,0,0,0
Desenvolvedor Frontend,Júnior,PR,Híbrido,3800.0,1.9,0,0,0,1,0,0,0,0,0,1,0,0,0,0,0,1,0,0,0,1,0,0,0,0,0,0,0,0,0,0,1
QA / Tester,Pleno,PR,Presencial,5500.0,4.1,0,0,0,0,0,0,0,0,0,0,1,0,0,0,0,0,1,0,1,0,0,0,1,1,0,0,0,0,0,0,0
Desenvolvedor Frontend,Pleno,RJ,Presencial,6000.0,3.8,0,0,0,1,0,0,0,0,0,1,0,0,0,0,0,1,0,0,0,1,0,0,0,0,0,0,0,0,0,0,1
Desenvolvedor Frontend,Pleno,PR,Remoto,6100.0,3.8,0,0,0,1,0,0,0,0,0,1,0,0,0,0,0,1,0,0,0,1,0,0,0,0,0,0,0,0,0,0,1
Analista de TI,Sênior,SP,Presencial,6200.0,13.7,0,0,0,0,0,0,1,0,0,0,0,0,0,1,0,0,0,0,0,0,0,1,1,0,0,1,0,0,0,0,0
Desenvolvedor Backend,Júnior,MG,Híbrido,4300.0,0.4,1,0,0,0,0,1,0,0,1,0,0,0,0,0,0,0,0,0,1,0,0,0,1,0,0,0,0,0,0,0,0
Desenvolvedor Frontend,Júnior,SP,Híbrido,3600.0,1.2,0,0,0,1,0,0,0,0,0,1,0,0,0,0,0,1,0,0,0,1,0,0,0,0,0,0,0,0,0,0,1
Desenvolvedor Frontend,Sênior,SP,Remoto,12400.0,9.1,0,0,0,1,0,0,0,0,0,1,0,0,0,0,0,1,0,0,0,1,0,0,0,0,0,0,0,0,0,0,1
Desenvolvedor Mobile,Pleno,SP,Remoto,8600.0,2.0,1,0,0,0,0,0,0,1,0,0,0,1,0,0,0,0,0,0,0,0,1,0,0,0,0,0,1,0,0,0,0
Analista de Dados,Pleno,RJ,Híbrido,5300.0,3.4,0,0,0,0,0,0,1,0,0,0,0,0,0,0,0,0,0,1,1,0,0,0,1,0,0,0,0,1,0,0,0
Engenheiro de Dados,Pleno,RS,Híbrido,10600.0,4.9,0,1,0,0,1,0,0,0,0,0,0,0,0,0,0,0,0,0,1,0,0,0,1,0,1,0,0,0,0,0,0
QA / Tester,Júnior,RJ,Híbrido,3200.0,0.4,0,0,0,0,0,0,0,0,0,0,1,0,0,0,0,0,1,0,1,0,0,0,1,1,0,0,0,0,0,0,0
Desenvolvedor Mobile,Sênior,RJ,Híbrido,11500.0,11.7,1,0,0,0,0,0,0,1,0,0,0,1,0,0,0,0,0,0,0,0,1,0,0,0,0,0,1,0,0,0,0
Desenvolvedor Backend,Sênior,SP,Híbrido,13000.0,5.9,1,0,0,0,0,1,0,0,1,0,0,0,0,0,0,0,0,0,1,0,0,0,1,0,0,0,0,0,0,0,0
Desenvolvedor Frontend,Pleno,SP,Remoto,6900.0,4.2,0,0,0,1,0,0,0,0,0,1,0,0,0,0,0,1,0,0,0,1,0,0,0,0,0,0,0,0,0,0,1
Engenheiro de Dados,Júnior,SP,Híbrido,5400.0,0.5,0,1,0,0,1,0,0,0,0,0,0,0,0,0,0,0,0,0,1,0,0,0,1,0,1,0,0,0,0,0,0
Cientista de Dados,Pleno,SP,Remoto,9900.0,3.3,0,0,0,0,0,0,0,0,0,0,0,0,0,0,1,0,0,0,1,0,0,0,1,0,1,0,0,0,1,0,0
Desenvolvedor Backend,Pleno,MG,Híbrido,9700.0,3.9,1,0,0,0,0,1,0,0,1,0,0,0,0,0,0,0,0,0,1,0,0,0,1,0,0,0,0,0,0,0,0
Desenvolvedor Backend,Júnior,RS,Híbrido,4700.0,0.5,1,0,0,0,0,1,0,0,1,0,0,0,0,0,0,0,0,0,1,0,0,0,1,0,0,0,0,0,0,0,0
Desenvolvedor Frontend,Sênior,MG,Presencial,10300.0,7.0,0,0,0,1,0,0,0,0,0,1,0,0,0,0,0,1,0,0,0,1,0,0,0,0,0,0,0,0,0,0,1
Analista de Dados,Júnior,RJ,Remoto,3600.0,1.8,0,0,0,0,0,0,1,0,0,0,0,0,0,0,0,0,0,1,1,0,0,0,1,0,0,0,0,1,0,0,0
QA / Tester,Sênior,SP,Remoto,7200.0,7.7,0,0,0,0,0,0,0,0,0,0,1,0,0,0,0,0,1,0,1,0,0,0,1,1,0,0,0,0,0,0,0
QA / Tester,Pleno,SC,Remoto,4600.0,2.7,0,0,0,0,0,0,0,0,0,0,1,0,0,0,0,0,1,0,1,0,0,0,1,1,0,0,0,0,0,0,0
